date,year,month,day,station,temperature,salinity
2009-05-19,2009,5,19,CCE1,14.607370833333334,33.109466104166664
2009-05-20,2009,5,20,CCE1,13.214558333333335,33.0898635
2009-05-21,2009,5,21,CCE1,12.587485416666667,33.200973
2009-05-22,2009,5,22,CCE1,14.775875,33.13402845833333
2009-05-23,2009,5,23,CCE1,15.005235416666666,33.15680416666667
2009-05-24,2009,5,24,CCE1,14.83966875,33.08819329166666
2009-05-25,2009,5,25,CCE1,14.633154166666666,33.0309279375
2009-05-26,2009,5,26,CCE1,14.392677083333334,33.064190833333335
2009-05-27,2009,5,27,CCE1,12.914172916666667,33.0792813125
2009-05-28,2009,5,28,CCE1,13.554591666666667,33.070079916666664
2009-05-29,2009,5,29,CCE1,12.931577083333332,33.0769159375
2009-05-30,2009,5,30,CCE1,13.397187500000001,33.093347208333334
2009-05-31,2009,5,31,CCE1,13.3961625,33.078562291666664
2009-06-01,2009,6,1,CCE1,13.788962499999998,33.016332291666664
2009-06-02,2009,6,2,CCE1,13.492531249999999,33.059271875
2009-06-03,2009,6,3,CCE1,13.587166666666667,33.0404353125
2009-06-04,2009,6,4,CCE1,13.846729166666668,33.0570310625
2009-06-05,2009,6,5,CCE1,12.6475375,32.988612249999996
2009-06-06,2009,6,6,CCE1,12.479114583333333,33.01092147916667
2009-06-07,2009,6,7,CCE1,12.606510416666666,33.00597916666667
2009-06-08,2009,6,8,CCE1,12.427066666666667,33.01954785416667
2009-06-09,2009,6,9,CCE1,12.63365625,33.264175270833334
2009-06-10,2009,6,10,CCE1,12.157129166666666,33.304924291666666
2009-06-11,2009,6,11,CCE1,11.40946875,33.33560539583333
2009-06-12,2009,6,12,CCE1,11.627585416666667,33.30048760416667
2009-06-13,2009,6,13,CCE1,11.40265,33.405840625
2009-06-14,2009,6,14,CCE1,11.136502083333333,33.64275472916667
2009-06-15,2009,6,15,CCE1,11.213725000000002,33.45186366666667
2009-06-16,2009,6,16,CCE1,11.661183333333334,33.313915625
2009-06-17,2009,6,17,CCE1,11.955047916666667,33.25886002083333
2009-06-18,2009,6,18,CCE1,12.50996875,33.26865322916667
2009-06-19,2009,6,19,CCE1,12.3667625,33.26059464583333
2009-06-20,2009,6,20,CCE1,12.899779166666667,33.36950335416667
2009-06-21,2009,6,21,CCE1,12.63071875,33.314112625
2009-06-22,2009,6,22,CCE1,13.225079166666667,33.24824329166667
2009-06-23,2009,6,23,CCE1,12.7898625,33.224649854166664
2009-06-24,2009,6,24,CCE1,13.975183333333334,33.33248758333333
2009-06-25,2009,6,25,CCE1,13.52046875,33.24622535416667
2009-06-26,2009,6,26,CCE1,13.230722916666666,33.16314658333334
2009-06-27,2009,6,27,CCE1,12.690472916666666,33.070206
2009-06-28,2009,6,28,CCE1,11.785227083333332,32.91591039583333
2009-06-29,2009,6,29,CCE1,12.488233333333334,33.069109812499995
2009-06-30,2009,6,30,CCE1,12.889272916666668,32.959443604166665
2009-07-01,2009,7,1,CCE1,13.534002083333334,32.997252875
2009-07-02,2009,7,2,CCE1,12.713795833333334,32.953418041666666
2009-07-03,2009,7,3,CCE1,12.40395625,32.94853304166667
2009-07-04,2009,7,4,CCE1,12.821320833333333,32.970879208333336
2009-07-05,2009,7,5,CCE1,12.506356250000001,32.9722398125
2009-07-06,2009,7,6,CCE1,13.029850000000001,32.97069135416667
2009-07-07,2009,7,7,CCE1,12.911837499999999,32.94923260416667
2009-07-08,2009,7,8,CCE1,12.8886375,32.93738422916667
2009-07-09,2009,7,9,CCE1,13.166710416666668,32.93998916666667
2009-07-10,2009,7,10,CCE1,14.061172916666665,33.064686458333334
2009-07-11,2009,7,11,CCE1,14.412833333333333,33.04388427083333
2009-07-12,2009,7,12,CCE1,14.344160416666668,32.992714291666665
2009-07-13,2009,7,13,CCE1,14.20473125,32.998454375
2009-07-14,2009,7,14,CCE1,14.041214583333334,33.08856364583333
2009-07-15,2009,7,15,CCE1,14.524560416666667,33.19295697916667
2009-07-16,2009,7,16,CCE1,13.786789583333332,33.110042625
2009-07-17,2009,7,17,CCE1,13.361954166666665,32.9874744375
2009-07-18,2009,7,18,CCE1,13.74635625,33.082322125
2009-07-19,2009,7,19,CCE1,15.287041666666667,33.268993395833334
2009-07-20,2009,7,20,CCE1,14.338724999999998,33.077433354166665
2009-07-21,2009,7,21,CCE1,13.069860416666666,32.90722439583333
2009-07-22,2009,7,22,CCE1,14.25930625,33.096213999999996
2009-07-23,2009,7,23,CCE1,16.10898333333333,33.2894575625
2009-07-24,2009,7,24,CCE1,15.165420833333334,33.189161125
2009-07-25,2009,7,25,CCE1,14.292774999999999,33.00671002083333
2009-07-26,2009,7,26,CCE1,13.754475,32.981435125
2009-07-27,2009,7,27,CCE1,13.7746625,33.01702241666667
2009-07-28,2009,7,28,CCE1,14.494077083333332,33.115595166666665
2009-07-29,2009,7,29,CCE1,14.84055625,33.25557122916667
2009-07-30,2009,7,30,CCE1,16.018066666666666,33.259413333333335
2009-07-31,2009,7,31,CCE1,16.320983333333334,33.259606312500004
2009-08-01,2009,8,1,CCE1,15.502862499999999,33.2640885625
2009-08-02,2009,8,2,CCE1,15.143677083333332,33.28893810416667
2009-08-03,2009,8,3,CCE1,15.121816666666668,33.285726437499996
2009-08-04,2009,8,4,CCE1,14.746839583333333,33.22437308333333
2009-08-05,2009,8,5,CCE1,14.103652083333332,33.115651729166665
2009-08-06,2009,8,6,CCE1,14.514818750000002,33.2256023125
2009-08-07,2009,8,7,CCE1,14.33294375,33.24477904166667
2009-08-08,2009,8,8,CCE1,14.403222916666666,33.230780520833335
2009-08-09,2009,8,9,CCE1,14.028904166666665,33.2349688125
2009-08-10,2009,8,10,CCE1,14.184047916666666,33.234909625
2009-08-11,2009,8,11,CCE1,14.299533333333335,33.27616722916667
2009-08-12,2009,8,12,CCE1,15.62353125,33.28025175
2009-08-13,2009,8,13,CCE1,16.147341666666666,33.2705423125
2009-08-14,2009,8,14,CCE1,16.634266666666665,33.3114000625
2009-08-15,2009,8,15,CCE1,16.68910625,33.30127245833334
2009-08-16,2009,8,16,CCE1,17.473477083333332,33.364497791666665
2009-08-17,2009,8,17,CCE1,17.345152083333335,33.39075014583333
2009-08-18,2009,8,18,CCE1,17.753239583333333,33.34137097916666
2009-08-19,2009,8,19,CCE1,18.07079375,33.33269772916667
2009-08-20,2009,8,20,CCE1,18.025545833333336,33.346684770833335
2009-08-21,2009,8,21,CCE1,18.0306875,33.36303370833333
2009-08-22,2009,8,22,CCE1,17.909302083333333,33.3658431875
2009-08-23,2009,8,23,CCE1,17.406839583333333,33.32176552083333
2009-08-24,2009,8,24,CCE1,16.727037499999998,33.24950495833333
2009-08-25,2009,8,25,CCE1,16.224870833333334,33.1522823125
2009-08-26,2009,8,26,CCE1,15.711995833333333,33.1561943125
2009-08-27,2009,8,27,CCE1,14.73281875,33.00181683333333
2009-08-28,2009,8,28,CCE1,14.649447916666666,32.95210339583333
2009-08-29,2009,8,29,CCE1,15.0729375,32.97803341666667
2009-08-30,2009,8,30,CCE1,16.36276666666667,33.04033297916667
2009-08-31,2009,8,31,CCE1,16.969745833333334,33.054477166666665
2009-09-01,2009,9,1,CCE1,17.02588125,33.05688064583333
2009-09-02,2009,9,2,CCE1,17.34089375,33.10297589583333
2009-09-03,2009,9,3,CCE1,17.54790625,33.07774975
2009-09-04,2009,9,4,CCE1,17.54743125,33.10786585416667
2009-09-05,2009,9,5,CCE1,17.567833333333333,33.09392008333334
2009-09-06,2009,9,6,CCE1,17.584166666666665,33.084287124999996
2009-09-07,2009,9,7,CCE1,17.785560416666666,33.09066995833333
2009-09-08,2009,9,8,CCE1,18.024114583333333,33.10456075
2009-09-09,2009,9,9,CCE1,17.968295833333332,33.117921395833335
2009-09-10,2009,9,10,CCE1,17.74620416666667,33.11965014583333
2009-09-11,2009,9,11,CCE1,17.602404166666666,33.1032620625
2009-09-12,2009,9,12,CCE1,17.90741875,33.118362958333336
2009-09-13,2009,9,13,CCE1,17.58401041666667,33.113059604166665
2009-09-14,2009,9,14,CCE1,18.004383333333333,33.13796383333334
2009-09-15,2009,9,15,CCE1,18.022283333333334,33.12335497916667
2009-09-16,2009,9,16,CCE1,18.063585416666665,33.104194416666665
2009-09-17,2009,9,17,CCE1,18.223258333333334,33.093884875
2009-09-18,2009,9,18,CCE1,18.396727083333335,33.08232616666667
2009-09-19,2009,9,19,CCE1,18.365483333333334,33.06766758333333
2009-09-20,2009,9,20,CCE1,18.11078541666667,33.058784124999995
2009-09-21,2009,9,21,CCE1,16.959837500000003,33.02120027083333
2009-09-22,2009,9,22,CCE1,17.707518750000002,33.108622833333335
2009-09-23,2009,9,23,CCE1,17.410254166666665,33.15448689583334
2009-09-24,2009,9,24,CCE1,17.728902083333335,33.07823302083333
2009-09-25,2009,9,25,CCE1,17.0879,33.03407702083333
2009-09-26,2009,9,26,CCE1,16.749977083333334,33.06948641666667
2009-09-27,2009,9,27,CCE1,17.200356250000002,33.061050208333334
2009-09-28,2009,9,28,CCE1,16.912641666666666,33.03320860416667
2009-09-29,2009,9,29,CCE1,17.207133333333335,33.04381185416667
2009-09-30,2009,9,30,CCE1,17.40773125,33.036871437500004
2009-10-01,2009,10,1,CCE1,17.974166666666665,33.0859798125
2009-10-02,2009,10,2,CCE1,17.99903958333333,33.09595675
2009-10-03,2009,10,3,CCE1,17.882506250000002,33.088878375
2009-10-04,2009,10,4,CCE1,17.603939583333332,33.07641970833333
2009-10-05,2009,10,5,CCE1,17.304858333333332,33.100449000000005
2009-10-06,2009,10,6,CCE1,17.0587625,33.1211500625
2009-10-07,2009,10,7,CCE1,16.805910416666666,33.104071
2009-10-08,2009,10,8,CCE1,16.445397916666668,33.149062416666666
2009-10-09,2009,10,9,CCE1,16.396470833333336,33.1293588125
2009-10-10,2009,10,10,CCE1,16.796622916666667,33.10150560416667
2009-10-11,2009,10,11,CCE1,16.8266375,33.1077676875
2009-10-12,2009,10,12,CCE1,17.452564583333334,33.12200216666667
2009-10-13,2009,10,13,CCE1,17.30338958333333,33.086894
2009-10-14,2009,10,14,CCE1,16.42369375,33.131610875
2009-10-15,2009,10,15,CCE1,16.127435416666668,33.19352552083333
2009-10-16,2009,10,16,CCE1,17.198175,33.166035125
2009-10-17,2009,10,17,CCE1,17.496585416666665,33.10658429166667
2009-10-18,2009,10,18,CCE1,17.642027083333335,33.10333825
2009-10-19,2009,10,19,CCE1,17.721241666666668,33.11078570833333
2009-10-20,2009,10,20,CCE1,17.719222916666666,33.1160465
2009-10-21,2009,10,21,CCE1,17.464914583333336,33.1210284375
2009-10-22,2009,10,22,CCE1,17.2229,33.1325766875
2009-10-23,2009,10,23,CCE1,17.069343749999998,33.13580827083333
2009-10-24,2009,10,24,CCE1,17.0488875,33.1647951875
2009-10-25,2009,10,25,CCE1,17.078822916666667,33.176595604166664
2009-10-26,2009,10,26,CCE1,17.070972916666665,33.194815229166664
2009-10-27,2009,10,27,CCE1,16.853066666666667,33.17282464583334
2009-10-28,2009,10,28,CCE1,16.799441666666667,33.188267208333336
2009-10-29,2009,10,29,CCE1,16.2872875,33.15129625
2009-10-30,2009,10,30,CCE1,15.515204166666665,33.160273833333335
2009-10-31,2009,10,31,CCE1,15.243022916666668,33.16434260416667
2009-11-01,2009,11,1,CCE1,15.580170833333334,33.170239875
2009-11-02,2009,11,2,CCE1,15.02411875,33.159196125
2009-11-03,2009,11,3,CCE1,14.969879166666667,33.163717625
2009-11-04,2009,11,4,CCE1,15.354135416666667,33.17091308333333
2009-11-05,2009,11,5,CCE1,16.21258333333333,33.175397895833335
2009-11-06,2009,11,6,CCE1,16.239804166666666,33.17954610416667
2009-11-07,2009,11,7,CCE1,16.303620833333333,33.15354008333333
2009-11-08,2009,11,8,CCE1,16.184,33.1668514375
2009-11-09,2009,11,9,CCE1,16.061452083333332,33.17515075
2009-11-10,2009,11,10,CCE1,15.8117,33.1905515
2009-11-11,2009,11,11,CCE1,15.635827083333332,33.193025125
2009-11-12,2009,11,12,CCE1,15.73825,33.19809029166667
2009-11-13,2009,11,13,CCE1,15.865016666666667,33.189637624999996
2009-11-14,2009,11,14,CCE1,15.924900000000001,33.196156520833334
2009-11-15,2009,11,15,CCE1,15.783308333333332,33.18838597916667
2009-11-16,2009,11,16,CCE1,15.643195833333332,33.1920469375
2009-11-17,2009,11,17,CCE1,15.742460416666667,33.20264145833333
2009-11-18,2009,11,18,CCE1,15.805804166666666,33.23079664583333
2009-11-19,2009,11,19,CCE1,15.628160416666667,33.201610083333335
2009-11-20,2009,11,20,CCE1,15.623154166666666,33.20080164583333
2009-11-21,2009,11,21,CCE1,15.554304166666666,33.19889091666666
2009-11-22,2009,11,22,CCE1,15.396166666666666,33.20407272916667
2009-11-23,2009,11,23,CCE1,15.355029166666666,33.21579175
2009-11-24,2009,11,24,CCE1,15.345091666666667,33.2313319375
2009-11-25,2009,11,25,CCE1,15.285475,33.2161964375
2009-11-26,2009,11,26,CCE1,14.999010416666666,33.1664188125
2009-11-27,2009,11,27,CCE1,15.077166666666665,33.180669583333334
2009-11-28,2009,11,28,CCE1,14.908977083333333,33.168340020833334
2009-11-29,2009,11,29,CCE1,14.557,33.1344765625
2009-11-30,2009,11,30,CCE1,14.945010416666667,33.19831172916667
2009-12-01,2009,12,1,CCE1,14.788537499999999,33.17932960416667
2009-12-02,2009,12,2,CCE1,14.1055,33.150610125
2009-12-03,2009,12,3,CCE1,14.820989583333334,33.19380270833333
2009-12-04,2009,12,4,CCE1,14.780108333333333,33.1923915625
2009-12-05,2009,12,5,CCE1,14.895666666666665,33.218225645833336
2009-12-06,2009,12,6,CCE1,14.75863125,33.198240104166665
2009-12-07,2009,12,7,CCE1,14.703291666666667,33.19498939583333
2009-12-08,2009,12,8,CCE1,14.664429166666666,33.198064458333334
2009-12-09,2009,12,9,CCE1,14.819049999999999,33.229720791666665
2009-12-10,2009,12,10,CCE1,15.010085416666668,33.26490277083334
2009-12-11,2009,12,11,CCE1,15.074735416666668,33.25409320833334
2009-12-12,2009,12,12,CCE1,14.952856250000002,33.249703958333335
2009-12-13,2009,12,13,CCE1,14.783925000000002,33.207363
2009-12-16,2009,12,16,CCE1,14.537631249999999,33.165143083333334
2009-12-17,2009,12,17,CCE1,13.946625,33.148868854166665
2009-12-18,2009,12,18,CCE1,13.6506125,33.091075833333335
2009-12-19,2009,12,19,CCE1,13.480983333333334,33.101638791666666
2009-12-20,2009,12,20,CCE1,13.328766666666667,33.0775951875
2009-12-21,2009,12,21,CCE1,13.105718750000001,33.100661625
2009-12-22,2009,12,22,CCE1,13.551662499999999,33.11293922916666
2009-12-23,2009,12,23,CCE1,14.080491666666667,33.12828295833334
2009-12-24,2009,12,24,CCE1,13.896756250000001,33.112647208333335
2009-12-25,2009,12,25,CCE1,14.164072916666667,33.104151520833334
2009-12-26,2009,12,26,CCE1,14.761431250000001,33.1197295625
2009-12-27,2009,12,27,CCE1,14.094462499999999,33.096790625000004
2009-12-28,2009,12,28,CCE1,13.379379166666666,33.084277916666665
2009-12-29,2009,12,29,CCE1,12.965704166666667,33.148605395833336
2009-12-30,2009,12,30,CCE1,12.934545833333333,33.123952333333335
2009-12-31,2009,12,31,CCE1,13.12178125,33.1251569375
2010-01-01,2010,1,1,CCE1,13.126722916666667,33.14183091666667
2010-01-02,2010,1,2,CCE1,13.023127083333334,33.12341979166667
2010-01-03,2010,1,3,CCE1,12.649152083333334,33.06953414583334
2010-01-04,2010,1,4,CCE1,12.956339583333333,33.065749000000004
2010-01-05,2010,1,5,CCE1,13.287397916666668,33.10035772916667
2010-01-06,2010,1,6,CCE1,13.37579375,33.09986429166667
2010-01-07,2010,1,7,CCE1,13.140095833333334,33.122701229166665
2010-01-08,2010,1,8,CCE1,13.105914583333332,33.113848624999996
2010-01-09,2010,1,9,CCE1,12.90446875,33.067904875
2010-01-10,2010,1,10,CCE1,12.871554166666668,33.06377954166667
2010-01-11,2010,1,11,CCE1,13.012477083333332,33.0329701875
2010-01-12,2010,1,12,CCE1,12.961441666666666,33.040568666666665
2010-01-13,2010,1,13,CCE1,13.2156375,33.076148958333334
2010-01-14,2010,1,14,CCE1,13.051204166666666,33.15185385416667
2010-01-15,2010,1,15,CCE1,12.4156375,33.08393983333333
2010-01-16,2010,1,16,CCE1,12.4549375,33.1068134375
2010-01-17,2010,1,17,CCE1,12.601754166666666,33.11541822916667
2010-01-17,2010,1,17,CCE2,13.210841666666667,33.344429125
2010-01-18,2010,1,18,CCE1,12.74215625,33.128415249999996
2010-01-18,2010,1,18,CCE2,13.407168749999999,33.34268208333334
2010-01-19,2010,1,19,CCE1,13.274729166666667,33.121021416666665
2010-01-19,2010,1,19,CCE2,13.593588541666668,33.347887729166665
2010-01-20,2010,1,20,CCE1,13.278570833333333,33.06994004166666
2010-01-20,2010,1,20,CCE2,13.386392708333332,33.319449
2010-01-21,2010,1,21,CCE1,13.465504166666667,33.049539770833334
2010-01-21,2010,1,21,CCE2,13.655904166666666,33.296694135416665
2010-01-22,2010,1,22,CCE1,13.415510416666665,33.03427116666666
2010-01-22,2010,1,22,CCE2,13.674624999999999,33.25919753125
2010-01-23,2010,1,23,CCE1,13.408047916666668,33.01694533333333
2010-01-23,2010,1,23,CCE2,13.710465625,33.24343176041666
2010-01-24,2010,1,24,CCE1,13.421172916666668,33.030474625000004
2010-01-24,2010,1,24,CCE2,13.746418749999998,33.23919114583333
2010-01-25,2010,1,25,CCE1,13.364937500000002,33.067483395833335
2010-01-25,2010,1,25,CCE2,13.713868750000001,33.25574336458333
2010-01-26,2010,1,26,CCE1,13.027160416666668,33.136138145833335
2010-01-26,2010,1,26,CCE2,13.826902083333332,33.301024114583335
2010-01-27,2010,1,27,CCE1,13.0931375,33.167119979166664
2010-01-27,2010,1,27,CCE2,13.80861875,33.32133071875
2010-01-28,2010,1,28,CCE1,13.269577083333333,33.125392437500004
2010-01-28,2010,1,28,CCE2,13.677770833333334,33.314787843750004
2010-01-29,2010,1,29,CCE1,13.124333333333333,33.08033941666667
2010-01-29,2010,1,29,CCE2,13.205405208333334,33.318596166666666
2010-01-30,2010,1,30,CCE1,13.01910625,33.1254755
2010-01-30,2010,1,30,CCE2,13.598785416666667,33.29356079166667
2010-01-31,2010,1,31,CCE1,12.996633333333333,33.14296814583333
2010-01-31,2010,1,31,CCE2,13.688089583333332,33.27581979166667
2010-02-01,2010,2,1,CCE1,12.9215625,33.1568671875
2010-02-01,2010,2,1,CCE2,13.638503125,33.22627215625
2010-02-02,2010,2,2,CCE1,13.037866666666666,33.170121333333334
2010-02-02,2010,2,2,CCE2,13.566739583333332,33.27172153125
2010-02-03,2010,2,3,CCE1,13.071327083333335,33.117905416666666
2010-02-03,2010,2,3,CCE2,13.532745833333335,33.28705173958333
2010-02-04,2010,2,4,CCE1,13.029077083333334,33.115802333333335
2010-02-04,2010,2,4,CCE2,13.600101041666667,33.26199623958333
2010-02-05,2010,2,5,CCE1,12.852075,33.11895664583333
2010-02-05,2010,2,5,CCE2,13.626826041666668,33.23631257291667
2010-02-06,2010,2,6,CCE1,12.880635416666665,33.154326375000004
2010-02-06,2010,2,6,CCE2,13.6617125,33.28976892708334
2010-02-07,2010,2,7,CCE1,13.02828125,33.15694435416667
2010-02-07,2010,2,7,CCE2,13.606991666666666,33.30160741666666
2010-02-08,2010,2,8,CCE1,13.2051,33.13029372916667
2010-02-08,2010,2,8,CCE2,13.679321875,33.293748729166666
2010-02-09,2010,2,9,CCE1,13.003989583333334,33.089036166666666
2010-02-09,2010,2,9,CCE2,13.707655208333334,33.29324446875
2010-02-10,2010,2,10,CCE1,13.067179166666667,33.09711772916666
2010-02-10,2010,2,10,CCE2,13.716754166666666,33.2937586875
2010-02-11,2010,2,11,CCE1,13.060583333333334,33.028463875
2010-02-11,2010,2,11,CCE2,13.667941666666666,33.29096763541667
2010-02-12,2010,2,12,CCE1,12.957435416666668,33.036680395833336
2010-02-12,2010,2,12,CCE2,13.570883333333333,33.273850843750004
2010-02-13,2010,2,13,CCE1,12.818583333333335,33.0502140625
2010-02-13,2010,2,13,CCE2,13.594517708333333,33.26073794791667
2010-02-14,2010,2,14,CCE1,13.006547916666667,33.04235379166666
2010-02-14,2010,2,14,CCE2,13.577659375000001,33.223433625
2010-02-15,2010,2,15,CCE1,13.13609375,32.99068191666667
2010-02-15,2010,2,15,CCE2,13.451628125,33.249628270833334
2010-02-16,2010,2,16,CCE1,13.260514583333332,32.9424801875
2010-02-16,2010,2,16,CCE2,13.512329166666667,33.265031406249996
2010-02-17,2010,2,17,CCE1,13.028185416666666,32.85620370833333
2010-02-17,2010,2,17,CCE2,13.341772916666665,33.25169736458333
2010-02-18,2010,2,18,CCE1,12.855814583333334,32.889964291666665
2010-02-18,2010,2,18,CCE2,13.417602083333334,33.25679220833333
2010-02-19,2010,2,19,CCE1,12.728900000000001,32.90986414583333
2010-02-19,2010,2,19,CCE2,13.379413541666667,33.26080708333333
2010-02-20,2010,2,20,CCE1,12.614543750000001,32.95562879166666
2010-02-20,2010,2,20,CCE2,13.170989583333332,33.26365889583334
2010-02-21,2010,2,21,CCE1,12.81721875,32.99604491666667
2010-02-21,2010,2,21,CCE2,13.09810625,33.26487229166667
2010-02-22,2010,2,22,CCE1,12.754391666666665,33.00773279166667
2010-02-22,2010,2,22,CCE2,13.197011458333334,33.26740930208333
2010-02-23,2010,2,23,CCE1,12.781872916666666,33.009736395833336
2010-02-23,2010,2,23,CCE2,13.108005208333333,33.27985759375
2010-02-24,2010,2,24,CCE1,12.897027083333334,32.99771179166667
2010-02-24,2010,2,24,CCE2,13.360623958333333,33.272242114583335
2010-02-25,2010,2,25,CCE1,12.90171875,32.986252791666665
2010-02-25,2010,2,25,CCE2,13.570358333333333,33.305008281250004
2010-02-26,2010,2,26,CCE1,12.974816666666667,32.950767729166664
2010-02-26,2010,2,26,CCE2,13.404139583333333,33.26172602083333
2010-02-27,2010,2,27,CCE1,13.206195833333332,32.954775687499996
2010-02-27,2010,2,27,CCE2,13.415140625,33.22519527083333
2010-02-28,2010,2,28,CCE1,13.495533333333334,32.9204328125
2010-02-28,2010,2,28,CCE2,13.200008333333335,33.242480729166665
2010-03-01,2010,3,1,CCE1,13.389941666666667,32.92576122916667
2010-03-01,2010,3,1,CCE2,13.501641666666666,33.23730134375
2010-03-02,2010,3,2,CCE1,13.625789583333335,32.89885995833333
2010-03-02,2010,3,2,CCE2,13.428590625,33.27136209375
2010-03-03,2010,3,3,CCE1,13.750425,32.939196645833334
2010-03-03,2010,3,3,CCE2,13.370969791666667,33.29845361458333
2010-03-04,2010,3,4,CCE1,13.167197916666666,32.9684601875
2010-03-04,2010,3,4,CCE2,13.354951041666666,33.283897708333335
2010-03-05,2010,3,5,CCE1,13.1888375,32.96165922916666
2010-03-05,2010,3,5,CCE2,13.515260416666665,33.2931043125
2010-03-06,2010,3,6,CCE1,13.607050000000001,32.969017083333334
2010-03-06,2010,3,6,CCE2,13.579444791666667,33.294387343749996
2010-03-07,2010,3,7,CCE1,13.29948125,32.926192291666666
2010-03-07,2010,3,7,CCE2,13.536104166666666,33.290628812499996
2010-03-08,2010,3,8,CCE1,13.632975,32.9483491875
2010-03-08,2010,3,8,CCE2,13.274745833333334,33.30813191666667
2010-03-09,2010,3,9,CCE1,13.647358333333335,32.94467925
2010-03-09,2010,3,9,CCE2,13.388196875,33.2650176875
2010-03-10,2010,3,10,CCE1,13.822487500000001,32.94899539583333
2010-03-10,2010,3,10,CCE2,13.072632291666666,33.27727690625
2010-03-11,2010,3,11,CCE1,13.772414583333335,32.973435333333335
2010-03-11,2010,3,11,CCE2,12.976527083333332,33.29716301041667
2010-03-12,2010,3,12,CCE1,13.962233333333332,32.965852958333336
2010-03-12,2010,3,12,CCE2,13.128535416666667,33.27352083333333
2010-03-13,2010,3,13,CCE1,13.55874375,33.006351
2010-03-13,2010,3,13,CCE2,13.154047916666668,33.261714635416666
2010-03-14,2010,3,14,CCE1,13.758277083333333,32.942473375
2010-03-14,2010,3,14,CCE2,11.868438541666668,33.39832384375
2010-03-15,2010,3,15,CCE1,14.4663625,33.012024708333335
2010-03-15,2010,3,15,CCE2,11.833914583333334,33.402292010416666
2010-03-16,2010,3,16,CCE1,13.6859125,32.9690190625
2010-03-16,2010,3,16,CCE2,12.483428125000001,33.300713020833335
2010-03-17,2010,3,17,CCE1,13.855416666666665,32.934304104166664
2010-03-17,2010,3,17,CCE2,11.782044791666666,33.3965544375
2010-03-18,2010,3,18,CCE1,14.21618125,32.942779854166666
2010-03-18,2010,3,18,CCE2,10.706944791666666,33.705375374999996
2010-03-19,2010,3,19,CCE1,14.675320833333332,33.03658895833333
2010-03-19,2010,3,19,CCE2,11.01496875,33.662546166666665
2010-03-20,2010,3,20,CCE1,14.780666666666667,33.04516066666667
2010-03-20,2010,3,20,CCE2,11.157151041666665,33.47987803125
2010-03-21,2010,3,21,CCE1,14.2859875,32.9870293125
2010-03-21,2010,3,21,CCE2,11.267961458333334,33.471851479166666
2010-03-22,2010,3,22,CCE1,14.539577083333334,32.99628314583333
2010-03-22,2010,3,22,CCE2,11.377234375,33.38021326041667
2010-03-23,2010,3,23,CCE1,14.865652083333332,33.069709583333335
2010-03-23,2010,3,23,CCE2,11.211231034482758,33.33239837931034
2010-03-24,2010,3,24,CCE1,14.821108333333333,33.06127939583333
2010-03-25,2010,3,25,CCE1,14.34309375,32.96176616666667
2010-03-26,2010,3,26,CCE1,14.581254166666668,33.008635500000004
2010-03-27,2010,3,27,CCE1,14.935614583333333,33.0785338125
2010-03-28,2010,3,28,CCE1,14.928681249999999,33.088689645833334
2010-03-29,2010,3,29,CCE1,14.982333333333335,33.098835541666666
2010-03-30,2010,3,30,CCE1,14.349239583333334,32.932506270833336
2010-03-31,2010,3,31,CCE1,14.557547916666666,32.972862875
2010-04-01,2010,4,1,CCE1,14.362760416666667,32.95492464583334
2010-04-02,2010,4,2,CCE1,14.397864583333332,32.98459595833334
2010-04-03,2010,4,3,CCE1,14.6725,33.04078622916666
2010-04-04,2010,4,4,CCE1,14.645658333333332,33.04131291666666
2010-04-05,2010,4,5,CCE1,14.086489583333332,32.96539447916667
2010-04-06,2010,4,6,CCE1,14.103472916666666,32.95716854166667
2010-04-07,2010,4,7,CCE1,14.14883125,32.957216895833334
2010-04-08,2010,4,8,CCE1,14.251525,32.985836937500004
2010-04-09,2010,4,9,CCE1,14.167083333333332,32.97026866666666
2010-04-10,2010,4,10,CCE1,14.018268749999999,32.954824708333334
2010-04-11,2010,4,11,CCE1,14.160085416666668,32.9736715625
2010-04-12,2010,4,12,CCE1,13.956102083333334,32.9549198125
2010-04-13,2010,4,13,CCE1,13.996947916666668,32.9562509375
2010-04-14,2010,4,14,CCE1,14.0375,32.950803916666665
2010-04-15,2010,4,15,CCE1,14.02680625,32.97779666666667
2010-04-16,2010,4,16,CCE1,14.036966666666666,32.989556125
2010-04-17,2010,4,17,CCE1,13.817420833333335,32.942282125
2010-04-18,2010,4,18,CCE1,13.781402083333333,32.916662645833334
2010-04-19,2010,4,19,CCE1,14.167866666666667,32.97849995833334
2010-04-20,2010,4,20,CCE1,14.024260416666666,32.96682454166667
2010-04-21,2010,4,21,CCE1,14.29769375,33.0032169375
2010-04-22,2010,4,22,CCE1,14.366791666666666,33.023908541666664
2010-04-23,2010,4,23,CCE1,14.300502083333333,33.024164604166664
2010-04-24,2010,4,24,CCE1,14.3876875,33.03741860416667
2010-04-25,2010,4,25,CCE1,14.192204166666668,33.00482820833333
2010-04-26,2010,4,26,CCE1,13.969491666666668,32.96308845833333
2010-04-27,2010,4,27,CCE1,13.874222916666668,32.94997825
2010-04-28,2010,4,28,CCE1,13.820795833333333,32.934950416666666
2010-04-29,2010,4,29,CCE1,14.027777083333334,32.96911522916667
2010-04-30,2010,4,30,CCE1,14.138902083333333,32.987430520833335
2010-05-01,2010,5,1,CCE1,14.133579166666665,33.00323904166667
2010-05-02,2010,5,2,CCE1,13.999989583333333,32.974798791666664
2010-05-03,2010,5,3,CCE1,14.038443749999999,32.98146227083333
2010-05-04,2010,5,4,CCE1,14.196741666666666,33.00714345833333
2010-05-05,2010,5,5,CCE1,14.13571875,32.97623804166667
2010-05-06,2010,5,6,CCE1,14.0436375,32.96526439583334
2010-05-07,2010,5,7,CCE1,14.078727083333334,32.98163577083333
2010-05-08,2010,5,8,CCE1,14.076835416666666,32.98209602083333
2010-05-09,2010,5,9,CCE1,14.133091666666667,32.973968666666664
2010-05-10,2010,5,10,CCE1,14.234045833333333,32.9951483125
2010-05-11,2010,5,11,CCE1,14.324933333333334,32.9960916875
2010-05-12,2010,5,12,CCE1,14.300195833333333,32.996069812500004
2010-05-13,2010,5,13,CCE1,14.133627083333332,33.02427889583333
2010-05-14,2010,5,14,CCE1,14.131243750000001,33.00309427083334
2010-05-15,2010,5,15,CCE1,14.242852083333332,32.99473570833333
2010-05-16,2010,5,16,CCE1,14.151285416666667,32.978464375
2010-05-17,2010,5,17,CCE1,14.16695,32.976883083333334
2010-05-18,2010,5,18,CCE1,14.279529166666668,33.00197664583333
2010-05-19,2010,5,19,CCE1,14.311879166666666,33.01310489583333
2010-05-20,2010,5,20,CCE1,14.39025,33.03000670833333
2010-05-21,2010,5,21,CCE1,14.53189375,33.032074854166666
2010-05-22,2010,5,22,CCE1,14.462197916666668,33.02723239583333
2010-05-23,2010,5,23,CCE1,13.918264583333332,33.100300770833336
2010-05-24,2010,5,24,CCE1,13.808483333333333,33.1065115
2010-05-25,2010,5,25,CCE1,13.6148,33.12774360416667
2010-05-26,2010,5,26,CCE1,13.685583333333334,33.109861270833335
2010-05-27,2010,5,27,CCE1,14.188239583333333,33.0854275
2010-05-28,2010,5,28,CCE1,14.36784375,33.033120000000004
2010-05-29,2010,5,29,CCE1,14.329970833333334,33.069138
2010-05-30,2010,5,30,CCE1,14.660889583333335,33.05738647916667
2010-05-31,2010,5,31,CCE1,14.697216666666668,33.05855925
2010-06-01,2010,6,1,CCE1,14.704177083333333,33.05049860416667
2010-06-02,2010,6,2,CCE1,14.917377083333333,33.06788127083333
2010-06-03,2010,6,3,CCE1,15.04753125,33.070241958333334
2010-06-04,2010,6,4,CCE1,15.10703125,33.061893875
2010-06-05,2010,6,5,CCE1,15.071666666666667,33.0643465625
2010-06-06,2010,6,6,CCE1,14.978727083333332,33.09577677083333
2010-06-07,2010,6,7,CCE1,14.934370833333332,33.07551466666667
2010-06-08,2010,6,8,CCE1,14.813077083333333,33.12821310416667
2010-06-09,2010,6,9,CCE1,14.767333333333333,33.15644327083333
2010-06-10,2010,6,10,CCE1,14.732652083333333,33.14789147916667
2010-06-11,2010,6,11,CCE1,14.767318750000001,33.14747097916666
2010-06-12,2010,6,12,CCE1,14.726643750000001,33.16061072916667
2010-06-13,2010,6,13,CCE1,14.658949999999999,33.1673345
2010-06-14,2010,6,14,CCE1,14.650089583333333,33.167426166666665
2010-06-15,2010,6,15,CCE1,14.546862500000001,33.122903604166666
2010-06-16,2010,6,16,CCE1,14.454645833333332,33.130979208333336
2010-06-17,2010,6,17,CCE1,13.874410416666668,33.07032189583333
2010-06-18,2010,6,18,CCE1,13.732802083333333,33.19335875
2010-06-19,2010,6,19,CCE1,13.982687499999999,33.221946583333335
2010-06-20,2010,6,20,CCE1,13.957985416666666,33.203809875
2010-06-21,2010,6,21,CCE1,13.822397916666667,33.08176952083333
2010-06-22,2010,6,22,CCE1,13.972302083333332,33.10462422916667
2010-06-23,2010,6,23,CCE1,14.207650000000001,33.083816125
2010-06-24,2010,6,24,CCE1,14.415574999999999,33.07247879166667
2010-06-25,2010,6,25,CCE1,14.514858333333335,33.082774875
2010-06-26,2010,6,26,CCE1,14.3753625,33.09282714583333
2010-06-27,2010,6,27,CCE1,13.9455875,33.03206010416667
2010-06-28,2010,6,28,CCE1,14.599512500000001,33.1153571875
2010-06-29,2010,6,29,CCE1,13.634933333333334,33.001854458333334
2010-06-30,2010,6,30,CCE1,13.70406875,32.97258291666667
2010-07-01,2010,7,1,CCE1,14.043972916666666,32.94372229166667
2010-07-02,2010,7,2,CCE1,14.400283333333334,32.953515333333335
2010-07-03,2010,7,3,CCE1,14.656981250000001,33.010265395833336
2010-07-04,2010,7,4,CCE1,14.933758333333332,33.065641604166665
2010-07-05,2010,7,5,CCE1,15.006925,33.07471827083334
2010-07-06,2010,7,6,CCE1,15.07619375,33.054754583333334
2010-07-07,2010,7,7,CCE1,14.817491666666667,33.03753866666667
2010-07-08,2010,7,8,CCE1,14.58203125,33.051192604166665
2010-07-09,2010,7,9,CCE1,13.78464375,33.07269952083333
2010-07-10,2010,7,10,CCE1,14.5719875,33.066129875
2010-07-11,2010,7,11,CCE1,13.958629166666666,33.0320035
2010-07-12,2010,7,12,CCE1,14.149170833333335,33.02590741666666
2010-07-13,2010,7,13,CCE1,13.317772916666668,33.067703979166666
2010-07-14,2010,7,14,CCE1,13.187383333333335,33.0613314375
2010-07-15,2010,7,15,CCE1,13.153141666666668,33.06453654166666
2010-07-16,2010,7,16,CCE1,12.93339375,33.12661983333333
2010-07-17,2010,7,17,CCE1,13.207322916666667,33.24903629166666
2010-07-18,2010,7,18,CCE1,12.954479166666667,33.07628502083333
2010-07-19,2010,7,19,CCE1,12.829116666666666,32.98919970833334
2010-07-20,2010,7,20,CCE1,12.858127083333335,33.045245270833334
2010-07-21,2010,7,21,CCE1,13.1050625,32.923795166666665
2010-07-22,2010,7,22,CCE1,12.93395625,32.94741558333333
2010-07-23,2010,7,23,CCE1,12.640479166666667,32.94385908333333
2010-07-24,2010,7,24,CCE1,12.051052083333333,33.02551445833333
2010-07-25,2010,7,25,CCE1,11.848452083333333,33.158951
2010-07-26,2010,7,26,CCE1,12.09884375,33.095399416666666
2010-07-27,2010,7,27,CCE1,12.123160416666666,33.0195874375
2010-07-28,2010,7,28,CCE1,12.2963875,33.0771305625
2010-07-29,2010,7,29,CCE1,12.783997916666666,33.184163291666664
2010-07-30,2010,7,30,CCE1,12.730737500000002,33.0803808125
2010-07-31,2010,7,31,CCE1,12.707616666666667,33.11435329166667
2010-08-01,2010,8,1,CCE1,13.197402083333335,33.09217335416667
2010-08-02,2010,8,2,CCE1,13.658091666666666,32.96410860416667
2010-08-03,2010,8,3,CCE1,13.206285416666667,32.960611875
2010-08-04,2010,8,4,CCE1,13.520622916666667,32.998602625
2010-08-05,2010,8,5,CCE1,14.180404166666667,33.046722020833336
2010-08-06,2010,8,6,CCE1,14.495654166666666,33.096452125
2010-08-07,2010,8,7,CCE1,14.28325,33.1099920625
2010-08-08,2010,8,8,CCE1,14.422312499999999,33.113039979166665
2010-08-09,2010,8,9,CCE1,14.190768749999998,33.12399570833333
2010-08-10,2010,8,10,CCE1,13.219312500000001,33.060018875000004
2010-08-11,2010,8,11,CCE1,13.952275,33.28661572916666
2010-08-12,2010,8,12,CCE1,12.877120833333334,33.0257039375
2010-08-13,2010,8,13,CCE1,12.959404166666667,32.9859981875
2010-08-14,2010,8,14,CCE1,12.369397916666665,32.93356104166667
2010-08-15,2010,8,15,CCE1,12.841514583333334,33.04999272916667
2010-08-16,2010,8,16,CCE1,12.14708125,32.89832333333333
2010-08-17,2010,8,17,CCE1,12.378291666666668,33.006820125
2010-08-18,2010,8,18,CCE1,13.054124999999999,33.14296025
2010-08-19,2010,8,19,CCE1,14.637381249999999,33.361183000000004
2010-08-20,2010,8,20,CCE1,13.628241666666668,33.27380310416667
2010-08-21,2010,8,21,CCE1,13.040183333333333,33.256956583333334
2010-08-22,2010,8,22,CCE1,13.252145833333332,33.23078654166667
2010-08-23,2010,8,23,CCE1,12.481783333333333,33.07554666666667
2010-08-24,2010,8,24,CCE1,12.754916666666666,33.117428645833336
2010-08-25,2010,8,25,CCE1,13.051383333333334,33.191879875000005
2010-08-26,2010,8,26,CCE1,13.266560416666666,33.25901858333334
2010-08-27,2010,8,27,CCE1,12.791835416666666,33.1918143125
2010-08-28,2010,8,28,CCE1,12.784149999999999,33.211273625
2010-08-29,2010,8,29,CCE1,13.082212499999999,33.248308625
2010-08-30,2010,8,30,CCE1,12.966581249999999,33.1358549375
2010-08-31,2010,8,31,CCE1,12.579364583333332,32.98204104166667
2010-09-04,2010,9,4,CCE1,12.085522916666667,32.9794160625
2010-09-05,2010,9,5,CCE1,13.592574999999998,33.26311635416666
2010-09-06,2010,9,6,CCE1,14.901933333333334,33.4113788125
2010-09-07,2010,9,7,CCE1,14.7091,33.4252361875
2010-09-08,2010,9,8,CCE1,12.916095833333335,33.185369666666666
2010-09-09,2010,9,9,CCE1,14.234614583333332,33.398044041666665
2010-09-10,2010,9,10,CCE1,14.8138,33.468859625
2010-09-11,2010,9,11,CCE1,14.885941666666668,33.396101083333335
2010-09-12,2010,9,12,CCE1,15.024322916666668,33.41045129166667
2010-09-13,2010,9,13,CCE1,12.506775,32.95206114583333
2010-09-14,2010,9,14,CCE1,12.162831250000002,32.9594069375
2010-09-15,2010,9,15,CCE1,13.897679166666668,33.244909125
2010-09-16,2010,9,16,CCE1,13.768099999999999,33.22668352083333
2010-09-17,2010,9,17,CCE1,13.269824999999999,33.154400083333336
2010-09-18,2010,9,18,CCE1,12.820333333333332,33.04252183333333
2010-09-19,2010,9,19,CCE1,13.033591666666666,33.079257354166664
2010-09-20,2010,9,20,CCE1,13.827027083333334,33.2108341875
2010-09-21,2010,9,21,CCE1,14.539902083333333,33.31924325
2010-09-22,2010,9,22,CCE1,15.119349999999999,33.356451166666666
2010-09-23,2010,9,23,CCE1,14.754577083333333,33.27663554166667
2010-09-24,2010,9,24,CCE1,13.19009375,33.03181991666667
2010-09-25,2010,9,25,CCE1,14.07641875,33.27485010416667
2010-09-26,2010,9,26,CCE1,14.958027083333334,33.47248879166667
2010-09-27,2010,9,27,CCE1,15.131545833333334,33.47983427083333
2010-09-28,2010,9,28,CCE1,13.578779166666665,33.1689501875
2010-09-29,2010,9,29,CCE1,14.074252083333334,33.34460985416667
2010-09-30,2010,9,30,CCE1,15.195595833333334,33.532251395833335
2010-10-01,2010,10,1,CCE1,15.5283,33.493013104166664
2010-10-02,2010,10,2,CCE1,15.187070833333332,33.465774312499995
2010-10-03,2010,10,3,CCE1,14.766547916666667,33.463598375
2010-10-04,2010,10,4,CCE1,14.275291666666668,33.433948729166666
2010-10-05,2010,10,5,CCE1,14.343454166666668,33.40667110416667
2010-10-06,2010,10,6,CCE1,13.344439583333333,33.19829410416667
2010-10-07,2010,10,7,CCE1,13.445002083333334,33.2041920625
2010-10-08,2010,10,8,CCE1,13.557172916666666,33.23357425
2010-10-09,2010,10,9,CCE1,13.403654166666668,33.21610404166667
2010-10-10,2010,10,10,CCE1,13.6322,33.21213835416666
2010-10-11,2010,10,11,CCE1,15.01809375,33.379495
2010-10-12,2010,10,12,CCE1,14.523010416666667,33.33216047916667
2010-10-13,2010,10,13,CCE1,14.218160416666668,33.302682125
2010-10-14,2010,10,14,CCE1,13.820085416666666,33.2601961875
2010-10-15,2010,10,15,CCE1,15.02468125,33.403584125
2010-10-16,2010,10,16,CCE1,15.478443749999999,33.43762247916667
2010-10-17,2010,10,17,CCE1,15.739870833333333,33.4608059375
2010-10-18,2010,10,18,CCE1,14.948889583333333,33.165760687500004
2010-10-19,2010,10,19,CCE1,14.94843125,33.061876000000005
2010-10-20,2010,10,20,CCE1,15.642047916666668,33.018088541666664
2010-10-21,2010,10,21,CCE1,16.004425,33.08350695833334
2010-10-22,2010,10,22,CCE1,16.1307875,33.21878733333333
2011-03-06,2011,3,6,CCE2,12.379179166666667,33.23689310416667
2011-03-07,2011,3,7,CCE2,12.259695833333334,33.3664761875
2011-03-08,2011,3,8,CCE2,11.926104255319148,33.40431782978724
2011-03-09,2011,3,9,CCE2,11.783070833333333,33.42195272916667
2011-03-10,2011,3,10,CCE2,12.032449999999999,33.374075999999995
2011-03-11,2011,3,11,CCE2,11.734331249999999,33.437270875
2011-03-12,2011,3,12,CCE2,11.587766666666667,33.452576083333334
2011-03-13,2011,3,13,CCE2,11.899541666666666,33.41721135416667
2011-03-14,2011,3,14,CCE2,11.399602083333333,33.521730104166664
2011-03-15,2011,3,15,CCE2,11.19431875,33.57517710416666
2011-03-16,2011,3,16,CCE2,10.748558333333333,33.71831689583333
2011-03-17,2011,3,17,CCE2,10.768125,33.724127833333334
2011-03-18,2011,3,18,CCE2,10.743379166666665,33.7198136875
2011-03-19,2011,3,19,CCE2,10.756695833333334,33.73150775
2011-03-20,2011,3,20,CCE2,11.171633333333332,33.50217197916667
2011-03-21,2011,3,21,CCE2,11.614922916666666,33.317053145833334
2011-03-22,2011,3,22,CCE2,12.403041666666667,33.19009885416667
2011-03-23,2011,3,23,CCE2,12.670814583333334,33.139279083333335
2011-03-24,2011,3,24,CCE2,12.484816666666667,33.15458002083333
2011-03-25,2011,3,25,CCE2,12.565597916666666,33.22037975
2011-03-26,2011,3,26,CCE2,13.014066666666666,33.1400138125
2011-03-27,2011,3,27,CCE2,13.2945625,33.02004772916667
2011-03-28,2011,3,28,CCE2,13.106772916666666,33.1070364375
2011-03-29,2011,3,29,CCE2,12.805527083333333,33.153569375
2011-03-30,2011,3,30,CCE2,12.612025000000001,33.148048770833334
2011-03-31,2011,3,31,CCE2,13.271724999999998,33.027510291666665
2011-04-01,2011,4,1,CCE2,13.804495833333334,33.010021979166666
2011-04-02,2011,4,2,CCE2,13.998600000000001,33.008073625
2011-04-03,2011,4,3,CCE2,13.940608333333332,33.011678645833335
2011-04-04,2011,4,4,CCE2,13.738527083333333,33.07927216666667
2011-04-05,2011,4,5,CCE2,14.136112500000001,32.99418791666667
2011-04-06,2011,4,6,CCE2,13.745879166666667,33.018096416666666
2011-04-07,2011,4,7,CCE2,12.54410625,33.14121639583333
2011-04-08,2011,4,8,CCE2,11.545858333333333,33.4147375
2011-04-09,2011,4,9,CCE2,11.529022916666667,33.43047875
2011-04-10,2011,4,10,CCE2,11.51630625,33.492335312499996
2011-04-11,2011,4,11,CCE2,11.297270833333334,33.456682083333334
2011-04-12,2011,4,12,CCE2,11.121872916666668,33.552460895833335
2011-04-13,2011,4,13,CCE2,10.9959875,33.5266113125
2011-04-14,2011,4,14,CCE2,11.1869625,33.43243022916666
2011-04-15,2011,4,15,CCE2,10.979470833333332,33.570089520833335
2011-04-16,2011,4,16,CCE2,11.161670833333334,33.4811443125
2011-04-17,2011,4,17,CCE2,10.676710416666666,33.62579004166667
2011-04-18,2011,4,18,CCE2,10.387120833333332,33.79041683333333
2011-04-19,2011,4,19,CCE2,10.76449375,33.73797764583333
2011-04-20,2011,4,20,CCE2,10.807772916666666,33.74797529166667
2011-04-21,2011,4,21,CCE2,11.069864583333334,33.74776945833333
2011-04-22,2011,4,22,CCE2,11.259529166666667,33.725813145833335
2011-04-23,2011,4,23,CCE2,11.247839583333333,33.72251947916667
2011-04-24,2011,4,24,CCE2,11.430529166666666,33.70887604166666
2011-04-25,2011,4,25,CCE2,11.537125000000001,33.72671372916667
2011-04-26,2011,4,26,CCE2,11.196618749999999,33.74510139583334
2011-04-27,2011,4,27,CCE2,11.070852083333333,33.748334541666665
2011-04-28,2011,4,28,CCE2,11.1336625,33.73850625
2011-04-29,2011,4,29,CCE2,10.993889583333333,33.74588204166667
2011-04-30,2011,4,30,CCE2,10.646458333333333,33.7876265625
2011-05-01,2011,5,1,CCE2,10.5828875,33.804067375
2011-05-02,2011,5,2,CCE2,10.633083333333333,33.79472366666666
2011-05-03,2011,5,3,CCE2,10.789316666666666,33.836260520833335
2011-05-04,2011,5,4,CCE2,11.1597,33.7584480625
2011-05-05,2011,5,5,CCE2,12.234620833333333,33.567971354166666
2011-05-06,2011,5,6,CCE2,13.588854166666666,33.300849729166664
2011-05-07,2011,5,7,CCE2,13.0395625,33.376088
2011-05-08,2011,5,8,CCE2,12.59585,33.73146277083333
2011-05-09,2011,5,9,CCE2,12.494810416666667,33.7650935625
2011-05-10,2011,5,10,CCE2,12.178079166666668,33.79308752083333
2011-05-11,2011,5,11,CCE2,12.265414583333333,33.76370408333333
2011-05-12,2011,5,12,CCE2,12.279591666666667,33.723692916666664
2011-05-13,2011,5,13,CCE2,12.210066666666668,33.6913899375
2011-05-14,2011,5,14,CCE2,12.072295833333333,33.62311470833333
2011-05-15,2011,5,15,CCE2,12.4123125,33.41783725
2011-05-16,2011,5,16,CCE2,12.438285416666666,33.52289110416667
2011-05-17,2011,5,17,CCE2,12.670872916666667,33.56756016666667
2011-05-18,2011,5,18,CCE2,12.889058333333333,33.67466004166666
2011-05-19,2011,5,19,CCE2,12.042839583333333,33.685945374999996
2011-05-20,2011,5,20,CCE2,12.160577083333335,33.66814470833334
2011-05-21,2011,5,21,CCE2,12.069914583333334,33.600139166666665
2011-05-22,2011,5,22,CCE2,11.493272916666667,33.67123241666667
2011-05-23,2011,5,23,CCE2,11.031825,33.75689364583334
2011-05-24,2011,5,24,CCE2,11.055991666666666,33.770318124999996
2011-05-25,2011,5,25,CCE2,10.924516666666667,33.796441916666666
2011-05-26,2011,5,26,CCE2,10.86758125,33.816914875
2011-05-27,2011,5,27,CCE2,11.145864583333333,33.82539264583333
2011-05-28,2011,5,28,CCE2,11.204422916666667,33.823078083333336
2011-05-29,2011,5,29,CCE2,11.209364583333333,33.81302185416667
2011-05-30,2011,5,30,CCE2,11.091147916666666,33.830448708333336
2011-05-31,2011,5,31,CCE2,11.04771875,33.8442389375
2011-06-01,2011,6,1,CCE2,11.203664583333333,33.79979235416666
2011-06-02,2011,6,2,CCE2,11.626329166666666,33.76785597916667
2011-06-03,2011,6,3,CCE2,11.709533333333333,33.784762020833334
2011-06-04,2011,6,4,CCE2,11.964172916666667,33.7513474375
2011-06-05,2011,6,5,CCE2,12.081252083333332,33.63412079166667
2011-06-06,2011,6,6,CCE2,12.703497916666668,33.5450089375
2011-06-07,2011,6,7,CCE2,12.60161875,33.532130125
2011-06-08,2011,6,8,CCE2,12.426729166666668,33.656105625
2011-06-09,2011,6,9,CCE2,12.815922916666667,33.609676
2011-06-10,2011,6,10,CCE2,12.966375,33.560853854166666
2011-06-11,2011,6,11,CCE2,12.93520625,33.54079310416667
2011-06-12,2011,6,12,CCE2,13.714545833333332,33.46631135416667
2011-06-13,2011,6,13,CCE2,13.740770833333334,33.34267264583333
2011-06-14,2011,6,14,CCE2,13.679120833333334,33.2903295
2011-06-15,2011,6,15,CCE2,13.885125,33.28462477083333
2011-06-16,2011,6,16,CCE2,14.00336875,33.285803979166666
2011-06-17,2011,6,17,CCE2,14.23885625,33.2978095
2011-06-18,2011,6,18,CCE2,14.100243749999999,33.296846875
2011-06-19,2011,6,19,CCE2,13.58851875,33.4352061875
2011-06-20,2011,6,20,CCE2,13.138095833333333,33.64519133333334
2011-06-21,2011,6,21,CCE2,13.263164583333333,33.72311772916667
2011-06-22,2011,6,22,CCE2,13.202027083333334,33.794306416666664
2011-06-23,2011,6,23,CCE2,13.010847916666668,33.7485320625
2011-06-24,2011,6,24,CCE2,13.539758333333333,33.672618229166666
2011-06-25,2011,6,25,CCE2,13.237216666666667,33.65558170833334
2011-06-26,2011,6,26,CCE2,13.365450000000001,33.64783845833333
2011-06-27,2011,6,27,CCE2,13.347283333333332,33.68627758333333
2011-06-28,2011,6,28,CCE2,12.641439583333332,33.8750761875
2011-06-29,2011,6,29,CCE2,12.834200000000001,33.86149566666666
2011-06-30,2011,6,30,CCE2,13.294354166666666,33.69658741666667
2011-07-01,2011,7,1,CCE2,13.732785416666667,33.63430970833333
2011-07-02,2011,7,2,CCE2,13.989097916666667,33.604723875
2011-07-03,2011,7,3,CCE2,14.276960416666666,33.608085958333334
2011-07-04,2011,7,4,CCE2,14.683085416666666,33.616825375
2011-07-05,2011,7,5,CCE2,14.643893749999998,33.630574062499996
2011-07-06,2011,7,6,CCE2,14.02125,33.62309191666667
2011-07-07,2011,7,7,CCE2,14.039531250000001,33.5856499375
2011-07-08,2011,7,8,CCE2,15.028025,33.575659083333335
2011-07-09,2011,7,9,CCE2,14.762989583333335,33.589123479166666
2011-07-10,2011,7,10,CCE2,13.826697916666667,33.60724647916667
2011-07-11,2011,7,11,CCE2,13.528420833333334,33.608683604166664
2011-07-12,2011,7,12,CCE2,13.804702083333334,33.59059425
2011-07-13,2011,7,13,CCE2,14.527360416666667,33.58405679166667
2011-07-14,2011,7,14,CCE2,15.0916375,33.6108965
2011-07-15,2011,7,15,CCE2,15.025525,33.609628666666666
2011-07-16,2011,7,16,CCE2,14.519833333333333,33.582847125
2011-07-17,2011,7,17,CCE2,14.977233333333333,33.57366445833333
2011-07-18,2011,7,18,CCE2,15.0871625,33.54326533333333
2011-07-19,2011,7,19,CCE2,14.788560416666668,33.5196369375
2011-07-20,2011,7,20,CCE2,14.720816666666666,33.52481310416667
2011-07-21,2011,7,21,CCE2,14.714045833333332,33.52198960416667
2011-07-22,2011,7,22,CCE2,14.437147916666667,33.53192475
2011-07-23,2011,7,23,CCE2,14.602483333333334,33.52555379166667
2011-07-24,2011,7,24,CCE2,14.226360416666667,33.50741147916667
2011-07-25,2011,7,25,CCE2,14.050814583333334,33.512904
2011-07-26,2011,7,26,CCE2,13.8955125,33.5099399375
2011-07-27,2011,7,27,CCE2,14.181835416666667,33.46543327083334
2011-07-28,2011,7,28,CCE2,15.191639583333334,33.44496079166667
2011-07-29,2011,7,29,CCE2,15.555989583333334,33.38744385416667
2011-07-30,2011,7,30,CCE2,15.742966666666668,33.399538375
2011-07-31,2011,7,31,CCE2,16.50322291666667,33.4793999375
2011-08-01,2011,8,1,CCE2,16.635095833333335,33.51293735416667
2011-08-02,2011,8,2,CCE2,16.51820625,33.532225583333336
2011-08-03,2011,8,3,CCE2,16.09478125,33.52543479166667
2011-08-04,2011,8,4,CCE2,15.621954166666667,33.500015999999995
2011-08-05,2011,8,5,CCE2,15.037366666666665,33.4908244375
2011-08-06,2011,8,6,CCE2,14.988358333333332,33.4963688125
2011-08-07,2011,8,7,CCE2,14.710902083333332,33.4913685625
2011-08-08,2011,8,8,CCE2,14.272604166666667,33.44671725
2011-08-09,2011,8,9,CCE2,14.139825,33.4404246875
2011-08-10,2011,8,10,CCE2,13.700316666666666,33.4363509375
2011-08-11,2011,8,11,CCE2,14.014245833333334,33.468222708333336
2011-08-12,2011,8,12,CCE2,14.143704166666666,33.45405420833333
2011-08-13,2011,8,13,CCE2,14.325754166666668,33.46457516666667
2011-08-14,2011,8,14,CCE2,14.304070833333334,33.434574354166664
2011-08-15,2011,8,15,CCE2,14.126156250000001,33.456253499999995
2011-08-16,2011,8,16,CCE2,14.44888125,33.48474310416667
2011-08-17,2011,8,17,CCE2,14.470775000000001,33.49280060416667
2011-08-18,2011,8,18,CCE2,14.448260416666665,33.49850097916667
2011-08-19,2011,8,19,CCE2,14.308293749999999,33.4999499375
2011-08-20,2011,8,20,CCE2,13.853729166666668,33.50535327083333
2011-08-21,2011,8,21,CCE2,13.664887499999999,33.45803452083333
2011-08-22,2011,8,22,CCE2,14.106877083333332,33.43096141666667
2011-08-23,2011,8,23,CCE2,14.925587499999999,33.507346875
2011-08-24,2011,8,24,CCE2,15.59870625,33.52761035416667
2011-08-25,2011,8,25,CCE2,14.86325625,33.46960320833333
2011-08-26,2011,8,26,CCE2,13.59521875,33.430919583333335
2011-08-27,2011,8,27,CCE2,12.8574875,33.45495195833333
2011-08-28,2011,8,28,CCE2,12.231831249999999,33.453289875
2011-08-29,2011,8,29,CCE2,12.28150625,33.466773270833336
2011-08-30,2011,8,30,CCE2,12.3836,33.4775069375
2011-08-31,2011,8,31,CCE2,13.060229166666666,33.4816558125
2011-09-01,2011,9,1,CCE2,13.353264583333333,33.48144633333333
2011-09-02,2011,9,2,CCE2,13.789082978723405,33.488601553191494
2011-09-03,2011,9,3,CCE2,14.288706249999999,33.49825327083333
2011-09-04,2011,9,4,CCE2,13.965966666666667,33.491258020833335
2011-09-05,2011,9,5,CCE2,13.657710416666667,33.5012058125
2011-09-06,2011,9,6,CCE2,12.94085,33.50242747916666
2011-09-07,2011,9,7,CCE2,12.698045833333333,33.50088683333333
2011-09-08,2011,9,8,CCE2,13.150114583333334,33.488434041666665
2011-09-09,2011,9,9,CCE2,13.21738125,33.48609654166667
2011-09-10,2011,9,10,CCE2,13.279033333333333,33.47127597916667
2011-09-11,2011,9,11,CCE2,12.978985106382979,33.49032644680851
2011-09-12,2011,9,12,CCE2,14.134516666666668,33.45461502083334
2011-09-13,2011,9,13,CCE2,15.227558333333334,33.43678670833334
2011-09-14,2011,9,14,CCE2,15.070187500000001,33.455786333333336
2011-09-15,2011,9,15,CCE2,14.5574625,33.4800321875
2011-09-16,2011,9,16,CCE2,14.713966666666666,33.479485645833336
2011-09-17,2011,9,17,CCE2,15.172012500000001,33.40750875
2011-09-18,2011,9,18,CCE2,15.228004166666667,33.39326552083333
2011-09-19,2011,9,19,CCE2,16.17713541666667,33.45039289583333
2011-09-20,2011,9,20,CCE2,16.42633125,33.460746375
2011-09-21,2011,9,21,CCE2,16.275966666666665,33.447485729166665
2011-09-22,2011,9,22,CCE2,16.22231875,33.44646222916666
2011-09-23,2011,9,23,CCE2,16.010435416666667,33.416365125
2011-09-24,2011,9,24,CCE2,16.69644375,33.47889702083334
2011-09-25,2011,9,25,CCE2,16.76877083333333,33.4876970625
2011-09-26,2011,9,26,CCE2,16.819145833333334,33.4884289375
2011-09-27,2011,9,27,CCE2,16.61220625,33.47543960416667
2011-09-28,2011,9,28,CCE2,16.673510416666666,33.47397895833333
2011-09-29,2011,9,29,CCE2,16.07544375,33.425899666666666
2011-09-30,2011,9,30,CCE2,16.100312499999998,33.43916995833333
2011-10-01,2011,10,1,CCE2,16.193972916666667,33.42386033333333
2011-10-02,2011,10,2,CCE2,16.303785416666667,33.400767395833334
2011-10-03,2011,10,3,CCE2,16.379264583333335,33.36844416666667
2011-10-04,2011,10,4,CCE2,16.204522916666665,33.3535879375
2011-10-05,2011,10,5,CCE2,16.571035416666668,33.349963520833334
2011-10-06,2011,10,6,CCE2,16.21036875,33.301044
2011-10-07,2011,10,7,CCE2,16.098052083333332,33.29370172916666
2011-10-08,2011,10,8,CCE2,16.224160416666667,33.31887141666667
2011-10-09,2011,10,9,CCE2,16.636804166666668,33.30029233333334
2011-10-10,2011,10,10,CCE2,17.08394375,33.325643354166665
2011-10-11,2011,10,11,CCE2,16.32760625,33.331416895833335
2011-10-12,2011,10,12,CCE2,15.765041666666667,33.33832822916667
2011-10-13,2011,10,13,CCE2,15.887041666666667,33.34073452083333
2011-10-14,2011,10,14,CCE2,16.80063541666667,33.34755027083333
2011-10-15,2011,10,15,CCE2,16.874304166666665,33.3310416875
2011-10-16,2011,10,16,CCE2,16.575077083333333,33.33721945833333
2011-10-17,2011,10,17,CCE2,15.662097916666667,33.3695923125
2011-10-18,2011,10,18,CCE2,14.998529166666666,33.35747908333334
2011-10-19,2011,10,19,CCE2,14.731516666666666,33.36759225
2011-10-20,2011,10,20,CCE2,14.480695833333334,33.364377624999996
2011-10-21,2011,10,21,CCE2,14.140197916666667,33.388571625000004
2011-10-22,2011,10,22,CCE2,14.349789583333333,33.37047425
2011-10-23,2011,10,23,CCE2,14.383116666666666,33.34026129166667
2011-10-24,2011,10,24,CCE2,16.192595833333332,33.356349625
2011-10-25,2011,10,25,CCE2,17.465289583333334,33.37695166666666
2011-10-26,2011,10,26,CCE2,16.81146875,33.36213285416667
2011-10-27,2011,10,27,CCE2,17.129291666666667,33.337254729166666
2011-10-28,2011,10,28,CCE2,17.398104166666666,33.311500875
2011-10-29,2011,10,29,CCE2,16.97183125,33.338804958333334
2011-10-30,2011,10,30,CCE2,16.87322083333333,33.33828735416667
2011-10-31,2011,10,31,CCE2,16.181264583333334,33.349396875000004
2011-11-01,2011,11,1,CCE2,15.252383333333334,33.3501398125
2011-11-02,2011,11,2,CCE2,14.963654166666666,33.343513020833335
2011-11-03,2011,11,3,CCE2,15.089966666666667,33.342333708333335
2011-11-04,2011,11,4,CCE2,15.033727083333334,33.34232985416667
2011-11-05,2011,11,5,CCE2,14.331547916666667,33.33330145833333
2011-11-06,2011,11,6,CCE2,14.1596375,33.32101602083333
2011-11-07,2011,11,7,CCE2,14.138631250000001,33.33088683333333
2011-11-08,2011,11,8,CCE2,13.939916666666667,33.34785208333333
2011-11-09,2011,11,9,CCE2,13.803477083333334,33.35999335416667
2011-11-10,2011,11,10,CCE2,13.781108333333334,33.354098625
2011-11-11,2011,11,11,CCE2,13.992514583333334,33.327410479166666
2011-11-12,2011,11,12,CCE2,13.488704166666666,33.30025295833333
2011-11-13,2011,11,13,CCE2,13.554485416666667,33.324200749999996
2011-11-14,2011,11,14,CCE2,13.931039583333332,33.30049641666667
2011-11-15,2011,11,15,CCE2,15.228972916666665,33.344017479166666
2011-11-16,2011,11,16,CCE2,15.428497916666666,33.33444675
2011-11-17,2011,11,17,CCE2,15.125804166666667,33.32520977083333
2011-11-18,2011,11,18,CCE2,13.982670833333332,33.2922619375
2011-11-19,2011,11,19,CCE2,13.79415625,33.30494208333334
2011-11-20,2011,11,20,CCE2,14.085627083333334,33.299752375
2011-11-21,2011,11,21,CCE2,14.40235,33.2474659375
2011-11-22,2011,11,22,CCE2,14.394308333333333,33.2670915
2011-11-23,2011,11,23,CCE2,14.650045833333332,33.2694534375
2011-11-24,2011,11,24,CCE2,14.794647916666667,33.2530213125
2011-11-25,2011,11,25,CCE2,14.691047916666667,33.236507520833335
2011-11-26,2011,11,26,CCE2,14.640814583333333,33.242972979166666
2011-11-27,2011,11,27,CCE2,14.587758333333333,33.2209781875
2011-11-28,2011,11,28,CCE2,14.673622916666666,33.250651375
2011-11-29,2011,11,29,CCE2,14.659525,33.265074937499996
2011-11-30,2011,11,30,CCE2,14.568329166666667,33.25947902083333
2011-12-01,2011,12,1,CCE2,14.253595833333334,33.22337970833333
2011-12-02,2011,12,2,CCE2,14.137554166666668,33.21669564583333
2011-12-03,2011,12,3,CCE2,14.136745833333334,33.20909795833333
2011-12-04,2011,12,4,CCE2,14.018639583333332,33.21205329166667
2011-12-05,2011,12,5,CCE2,14.02068125,33.311179958333334
2011-12-06,2011,12,6,CCE2,13.629264583333333,33.3537453125
2011-12-07,2011,12,7,CCE2,13.062504166666665,33.351951125
2011-12-08,2011,12,8,CCE2,13.023127083333334,33.360936
2011-12-09,2011,12,9,CCE2,12.961704166666665,33.363843020833336
2011-12-10,2011,12,10,CCE2,13.362729166666668,33.322551770833336
2011-12-11,2011,12,11,CCE2,14.280339583333335,33.23681008333333
2011-12-12,2011,12,12,CCE2,14.503816326530613,33.22745367346939
2011-12-13,2011,12,13,CCE2,14.475572916666666,33.23165804166667
2012-03-25,2012,3,25,CCE2,11.080792385416666,33.719366979166665
2012-03-26,2012,3,26,CCE2,10.946591895833334,33.737671812500004
2012-03-27,2012,3,27,CCE2,11.671043500000001,33.607350625
2012-03-28,2012,3,28,CCE2,12.279649197916667,33.56378566666667
2012-03-29,2012,3,29,CCE2,12.291184083333334,33.5562713125
2012-03-30,2012,3,30,CCE2,12.05193553125,33.57531145833333
2012-03-31,2012,3,31,CCE2,12.1147475625,33.424940916666664
2012-04-01,2012,4,1,CCE2,12.152990697916666,33.2937061875
2012-04-02,2012,4,2,CCE2,11.291371541666665,33.469054166666666
2012-04-03,2012,4,3,CCE2,11.381595895833334,33.618619395833335
2012-04-04,2012,4,4,CCE2,11.4524599375,33.586133395833336
2012-04-05,2012,4,5,CCE2,11.146797,33.688125125
2012-04-06,2012,4,6,CCE2,10.6179173125,33.74810466666667
2012-04-07,2012,4,7,CCE2,10.563556229166666,33.754840208333334
2012-04-08,2012,4,8,CCE2,10.153286947916667,33.824938708333335
2012-04-09,2012,4,9,CCE2,10.178855166666667,33.84725879166667
2012-04-10,2012,4,10,CCE2,10.302098364583333,33.798937770833334
2012-04-11,2012,4,11,CCE2,10.78288953125,33.686495979166665
2012-04-12,2012,4,12,CCE2,10.761107833333334,33.640942395833335
2012-04-13,2012,4,13,CCE2,11.054700989583333,33.615437
2012-04-14,2012,4,14,CCE2,10.31936915625,33.75560745833334
2012-04-15,2012,4,15,CCE2,10.413428927083332,33.76668497916667
2012-04-16,2012,4,16,CCE2,10.721697135416667,33.753795458333336
2012-04-17,2012,4,17,CCE2,11.241538364583334,33.5773526875
2012-04-18,2012,4,18,CCE2,11.6256751875,33.41040958333333
2012-04-19,2012,4,19,CCE2,11.505714374999998,33.42963514583334
2012-04-20,2012,4,20,CCE2,11.293228385416667,33.51154585416666
2012-04-21,2012,4,21,CCE2,12.238509093749999,33.40549991666666
2012-04-22,2012,4,22,CCE2,12.6092210625,33.32696133333334
2012-04-23,2012,4,23,CCE2,12.849451760416665,33.28715060416667
2012-04-24,2012,4,24,CCE2,12.95746375,33.292830208333335
2012-04-25,2012,4,25,CCE2,12.97652365625,33.33238254166667
2012-04-26,2012,4,26,CCE2,12.969585520833334,33.28244339583333
2012-04-27,2012,4,27,CCE2,12.741255770833334,33.33224920833333
2012-04-28,2012,4,28,CCE2,11.520684458333333,33.531583875
2012-04-29,2012,4,29,CCE2,11.268825552083333,33.66288572916667
2012-04-30,2012,4,30,CCE2,11.017752114583333,33.779818999999996
2012-05-01,2012,5,1,CCE2,11.216614145833333,33.73610479166667
2012-05-02,2012,5,2,CCE2,11.769001083333334,33.707935937500004
2012-05-03,2012,5,3,CCE2,12.035940104166668,33.609354583333335
2012-05-04,2012,5,4,CCE2,12.011943697916665,33.640372854166664
2012-05-05,2012,5,5,CCE2,11.48156196875,33.8338411875
2012-05-06,2012,5,6,CCE2,11.694917635416667,33.8159926875
2012-05-07,2012,5,7,CCE2,11.78148159375,33.825993458333336
2012-05-08,2012,5,8,CCE2,12.384139416666665,33.813989812500004
2012-05-09,2012,5,9,CCE2,12.417024333333332,33.8020535
2012-05-10,2012,5,10,CCE2,12.013457031249999,33.7593591875
2012-05-11,2012,5,11,CCE2,12.43813996875,33.752165416666664
2012-05-12,2012,5,12,CCE2,13.373014354166665,33.7361450625
2012-05-13,2012,5,13,CCE2,14.157478447916667,33.728365312499996
2012-05-14,2012,5,14,CCE2,12.852455114583334,33.78348722916667
2012-05-15,2012,5,15,CCE2,12.446598250000001,33.80800110416667
2012-05-16,2012,5,16,CCE2,12.422501885416667,33.79930702083333
2012-05-17,2012,5,17,CCE2,11.776074114583333,33.82590075
2012-05-18,2012,5,18,CCE2,11.786598677083333,33.837051125
2012-05-19,2012,5,19,CCE2,11.64614596875,33.848265125
2012-05-20,2012,5,20,CCE2,11.633558031249999,33.86476539583333
2012-05-21,2012,5,21,CCE2,11.502549166666666,33.88182477083333
2012-05-22,2012,5,22,CCE2,11.834994447916666,33.858846291666666
2012-05-23,2012,5,23,CCE2,11.341700229166667,33.888120916666665
2012-05-24,2012,5,24,CCE2,10.900555802083334,33.85836172916667
2012-05-25,2012,5,25,CCE2,10.820211510416668,33.862011125
2012-05-26,2012,5,26,CCE2,11.30070059375,33.81175189583333
2012-05-27,2012,5,27,CCE2,11.068579114583335,33.84093620833333
2012-05-28,2012,5,28,CCE2,11.032445375,33.887394
2012-05-29,2012,5,29,CCE2,11.305834416666668,33.88179785416667
2012-05-30,2012,5,30,CCE2,11.223090020833332,33.89673479166667
2012-05-31,2012,5,31,CCE2,11.268979083333333,33.89876375
2012-06-01,2012,6,1,CCE2,11.88772028125,33.8456945625
2012-06-02,2012,6,2,CCE2,11.963898822916667,33.819445
2012-06-03,2012,6,3,CCE2,11.970896322916666,33.83068422916667
2012-06-04,2012,6,4,CCE2,12.118462364583332,33.8058928125
2012-06-05,2012,6,5,CCE2,12.57688475,33.79833427083333
2012-06-06,2012,6,6,CCE2,12.175642541666667,33.832044458333336
2012-06-07,2012,6,7,CCE2,11.62135865625,33.85454216666667
2012-06-08,2012,6,8,CCE2,11.125016375,33.88777935416667
2012-06-09,2012,6,9,CCE2,12.200080552083334,33.723596666666666
2012-06-10,2012,6,10,CCE2,13.451244583333335,33.6815063125
2012-06-11,2012,6,11,CCE2,14.22283778125,33.691775812500005
2012-06-12,2012,6,12,CCE2,13.97744771875,33.744659625000004
2012-06-13,2012,6,13,CCE2,13.265765666666667,33.709194625
2012-06-14,2012,6,14,CCE2,13.7704590625,33.650326625
2012-06-15,2012,6,15,CCE2,14.877202364583333,33.5835035
2012-06-16,2012,6,16,CCE2,14.603982968750001,33.57699995833333
2012-06-17,2012,6,17,CCE2,13.727367791666666,33.61114772916667
2012-06-18,2012,6,18,CCE2,14.290225677083333,33.578200458333335
2012-06-19,2012,6,19,CCE2,14.749427166666665,33.575462875
2012-06-20,2012,6,20,CCE2,14.7231308125,33.58724291666667
2012-06-21,2012,6,21,CCE2,14.501915666666667,33.58213964583333
2012-06-22,2012,6,22,CCE2,13.712360895833333,33.60406552083334
2012-06-23,2012,6,23,CCE2,13.40224371875,33.605165375
2012-06-24,2012,6,24,CCE2,13.228003697916668,33.62925883333333
2012-06-25,2012,6,25,CCE2,13.167307208333334,33.6153029375
2012-06-26,2012,6,26,CCE2,13.300677604166665,33.6237589375
2012-06-27,2012,6,27,CCE2,13.059139447916666,33.626153458333334
2012-06-28,2012,6,28,CCE2,13.278382708333334,33.628558875
2012-06-29,2012,6,29,CCE2,12.946790489583334,33.6409843125
2012-06-30,2012,6,30,CCE2,12.459662875,33.66383214583333
2012-07-01,2012,7,1,CCE2,12.786914354166667,33.6252368125
2012-07-02,2012,7,2,CCE2,12.793378572916666,33.617092541666665
2012-07-03,2012,7,3,CCE2,12.85354871875,33.5984619375
2012-07-04,2012,7,4,CCE2,12.828187791666666,33.5780629375
2012-07-05,2012,7,5,CCE2,13.527872802083332,33.628117145833336
2012-07-06,2012,7,6,CCE2,13.853382604166667,33.63482291666667
2012-07-07,2012,7,7,CCE2,13.597567385416667,33.63195675
2012-07-08,2012,7,8,CCE2,13.862464822916666,33.612714770833335
2012-07-09,2012,7,9,CCE2,13.604159947916665,33.622398895833335
2012-07-10,2012,7,10,CCE2,13.500586666666665,33.638251895833335
2012-07-11,2012,7,11,CCE2,12.76154859375,33.653980645833336
2012-07-12,2012,7,12,CCE2,12.819820958333333,33.65724841666667
2012-07-13,2012,7,13,CCE2,13.02680378125,33.669322916666665
2012-07-14,2012,7,14,CCE2,12.796474062500002,33.6578460625
2012-07-15,2012,7,15,CCE2,12.467885989583332,33.64850325
2012-07-16,2012,7,16,CCE2,12.896937604166666,33.634366875
2012-07-17,2012,7,17,CCE2,12.432641135416667,33.717784979166666
2012-07-18,2012,7,18,CCE2,12.841503145833334,33.752445145833335
2012-07-19,2012,7,19,CCE2,14.144919260416666,33.652140395833335
2012-07-20,2012,7,20,CCE2,14.6614145,33.6130118125
2012-07-21,2012,7,21,CCE2,13.86390146875,33.6197405
2012-07-22,2012,7,22,CCE2,14.361105114583333,33.629255354166666
2012-07-23,2012,7,23,CCE2,14.186319145833332,33.622391354166666
2012-07-24,2012,7,24,CCE2,14.318968666666668,33.619510874999996
2012-07-25,2012,7,25,CCE2,14.71003896875,33.606355
2012-07-26,2012,7,26,CCE2,14.859963468750001,33.595395520833335
2012-07-27,2012,7,27,CCE2,15.066196114583333,33.6129359375
2012-07-28,2012,7,28,CCE2,14.52703725,33.60613889583333
2012-07-29,2012,7,29,CCE2,13.260445124999999,33.61606654166667
2012-07-30,2012,7,30,CCE2,13.42998409375,33.635035
2012-07-31,2012,7,31,CCE2,13.968019020833333,33.6294756875
2012-08-01,2012,8,1,CCE2,14.456649677083334,33.615163875
2012-08-02,2012,8,2,CCE2,14.609080541666666,33.62333439583333
2012-08-03,2012,8,3,CCE2,14.271454875000002,33.63408833333333
2012-08-04,2012,8,4,CCE2,14.183714718749998,33.629131729166666
2012-08-05,2012,8,5,CCE2,14.204320520833333,33.63310664583333
2012-08-06,2012,8,6,CCE2,14.12438246875,33.630105416666666
2012-08-07,2012,8,7,CCE2,14.252850645833334,33.640073541666666
2012-08-08,2012,8,8,CCE2,14.086102145833335,33.638491625
2012-08-09,2012,8,9,CCE2,14.074120395833333,33.637265479166665
2012-08-10,2012,8,10,CCE2,13.946861447916667,33.63394247916667
2012-08-11,2012,8,11,CCE2,14.054673447916668,33.62289629166667
2012-08-12,2012,8,12,CCE2,14.069837510416667,33.614784916666665
2012-08-13,2012,8,13,CCE2,14.211963989583333,33.61312464583333
2012-08-14,2012,8,14,CCE2,14.24462396875,33.60166272916667
2012-08-15,2012,8,15,CCE2,14.307290135416666,33.59186922916667
2012-08-16,2012,8,16,CCE2,14.497916645833334,33.598420312500004
2012-08-17,2012,8,17,CCE2,14.801899447916668,33.6054461875
2012-08-18,2012,8,18,CCE2,15.068855041666666,33.60714229166667
2012-08-19,2012,8,19,CCE2,15.184519125,33.601876499999996
2012-08-20,2012,8,20,CCE2,15.492262364583333,33.59678379166667
2012-08-21,2012,8,21,CCE2,15.030797249999999,33.593065875
2012-08-22,2012,8,22,CCE2,15.193275885416668,33.593257604166666
2012-08-23,2012,8,23,CCE2,15.81805659375,33.600833395833334
2012-08-24,2012,8,24,CCE2,14.958816375,33.607106020833335
2012-08-25,2012,8,25,CCE2,14.73153465625,33.613808125
2012-08-26,2012,8,26,CCE2,15.829011145833334,33.573492791666666
2012-08-27,2012,8,27,CCE2,16.139319,33.55886245833333
2012-08-28,2012,8,28,CCE2,15.967301770833332,33.544028437499996
2012-08-29,2012,8,29,CCE2,16.546395,33.55055170833334
2012-08-30,2012,8,30,CCE2,16.541842166666665,33.55544135416667
2012-08-31,2012,8,31,CCE2,16.348118854166668,33.54401420833333
2012-09-01,2012,9,1,CCE2,16.014085166666668,33.54851625
2012-09-02,2012,9,2,CCE2,15.542411583333333,33.5822175625
2012-09-03,2012,9,3,CCE2,15.564321291666666,33.58443397916667
2012-09-04,2012,9,4,CCE2,15.632510510416665,33.562232458333334
2012-09-05,2012,9,5,CCE2,15.223632781249998,33.520874625
2012-09-06,2012,9,6,CCE2,15.387724010416667,33.494232312499996
2012-09-07,2012,9,7,CCE2,15.990187958333335,33.536037875
2012-09-08,2012,9,8,CCE2,15.369456239583334,33.52374904166667
2012-09-09,2012,9,9,CCE2,14.635036947916667,33.511136916666665
2012-09-10,2012,9,10,CCE2,14.72485515625,33.495265833333335
2012-09-11,2012,9,11,CCE2,15.265335802083333,33.49149510416667
2012-09-12,2012,9,12,CCE2,16.732891625,33.52638720833333
2012-09-13,2012,9,13,CCE2,15.820174333333334,33.521476937500005
2012-09-14,2012,9,14,CCE2,15.988971791666666,33.518496875000004
2012-09-15,2012,9,15,CCE2,15.618556708333335,33.515992958333335
2012-09-16,2012,9,16,CCE2,15.121191458333334,33.49485920833333
2012-09-17,2012,9,17,CCE2,15.089392979166666,33.52081041666667
2012-09-18,2012,9,18,CCE2,15.276415520833334,33.5207825
2012-09-19,2012,9,19,CCE2,15.308906552083334,33.49339227083333
2012-09-20,2012,9,20,CCE2,15.02439771875,33.491700854166666
2012-09-21,2012,9,21,CCE2,15.069620020833334,33.50338447916666
2012-09-22,2012,9,22,CCE2,15.74326746875,33.51223097916667
2012-09-23,2012,9,23,CCE2,16.282218770833335,33.49989872916667
2012-09-24,2012,9,24,CCE2,14.74237265625,33.51703264583333
2012-09-25,2012,9,25,CCE2,14.006576229166667,33.52213135416667
2012-09-26,2012,9,26,CCE2,14.316946489583332,33.53175541666666
2012-09-27,2012,9,27,CCE2,15.335746104166667,33.532367
2012-09-28,2012,9,28,CCE2,16.143280802083336,33.5183180625
2012-09-29,2012,9,29,CCE2,16.656551229166666,33.539308541666664
2012-09-30,2012,9,30,CCE2,16.938952708333332,33.52778204166667
2012-10-01,2012,10,1,CCE2,17.135704125,33.5277015625
2012-10-02,2012,10,2,CCE2,16.817149479166666,33.50465602083333
2012-10-03,2012,10,3,CCE2,17.256109249999998,33.516185354166666
2012-10-04,2012,10,4,CCE2,18.171210708333334,33.557752145833334
2012-10-05,2012,10,5,CCE2,18.051289708333332,33.527887729166665
2012-10-06,2012,10,6,CCE2,17.198978645833332,33.498409208333335
2012-10-07,2012,10,7,CCE2,16.755523874999998,33.47726275
2012-10-08,2012,10,8,CCE2,16.831227416666668,33.49012202083333
2012-10-09,2012,10,9,CCE2,17.492637625,33.5220836875
2012-10-10,2012,10,10,CCE2,17.526507625,33.521871125
2012-10-11,2012,10,11,CCE2,17.580459270833334,33.516405104166665
2012-10-12,2012,10,12,CCE2,17.190383458333333,33.51012302083333
2012-10-13,2012,10,13,CCE2,17.3079685625,33.53128079166667
2012-10-14,2012,10,14,CCE2,17.061234645833334,33.51220025
2012-10-15,2012,10,15,CCE2,16.466019572916668,33.46489910416667
2012-10-16,2012,10,16,CCE2,16.80206475,33.48047789583333
2012-10-17,2012,10,17,CCE2,16.852947833333335,33.49077425
2012-10-18,2012,10,18,CCE2,17.122928333333334,33.50540783333333
2012-10-19,2012,10,19,CCE2,16.898677625,33.488936125
2012-10-20,2012,10,20,CCE2,16.14011065625,33.4529185625
2012-10-21,2012,10,21,CCE2,16.27181422916667,33.4609005
2012-10-22,2012,10,22,CCE2,16.5829553125,33.493544729166665
2012-10-23,2012,10,23,CCE2,16.507215166666665,33.488246062500004
2012-10-24,2012,10,24,CCE2,16.882110458333333,33.51067470833333
2012-10-25,2012,10,25,CCE2,17.2080515625,33.520340187500004
2012-10-26,2012,10,26,CCE2,16.721926125,33.50363522916667
2012-10-27,2012,10,27,CCE2,16.2612443125,33.487250625
2012-10-28,2012,10,28,CCE2,16.261131208333335,33.48714622916667
2012-10-29,2012,10,29,CCE2,16.39811,33.49548145833334
2012-10-30,2012,10,30,CCE2,16.443132208333335,33.4989291875
2012-10-31,2012,10,31,CCE2,16.3809273125,33.49428860416666
2012-11-01,2012,11,1,CCE2,15.751422937500001,33.460883833333334
2012-11-02,2012,11,2,CCE2,15.291315927083334,33.437539604166666
2012-11-03,2012,11,3,CCE2,15.217540427083334,33.454692395833334
2012-11-04,2012,11,4,CCE2,15.91955453125,33.496864395833335
2012-11-05,2012,11,5,CCE2,15.862885145833333,33.498832
2012-11-06,2012,11,6,CCE2,15.791617979166666,33.493559770833336
2012-11-07,2012,11,7,CCE2,15.845336333333334,33.49834991666667
2012-11-08,2012,11,8,CCE2,16.264977385416667,33.51764152083333
2012-11-09,2012,11,9,CCE2,16.29342459375,33.51831191666667
2012-11-10,2012,11,10,CCE2,15.914776291666668,33.51049814583333
2012-11-11,2012,11,11,CCE2,15.452229916666667,33.505621895833336
2012-11-12,2012,11,12,CCE2,15.464277333333333,33.515826749999995
2012-11-13,2012,11,13,CCE2,15.396672604166667,33.52186020833333
2012-11-14,2012,11,14,CCE2,15.370794947916666,33.52096579166667
2012-11-15,2012,11,15,CCE2,15.435873541666666,33.52513622916667
2012-11-16,2012,11,16,CCE2,15.590214677083333,33.52809697916667
2012-11-17,2012,11,17,CCE2,15.48508496875,33.48907252083333
2012-11-18,2012,11,18,CCE2,15.564480354166667,33.467656291666664
2012-11-19,2012,11,19,CCE2,15.653042333333334,33.4333630625
2012-11-20,2012,11,20,CCE2,15.798829260416667,33.4144163125
2012-11-21,2012,11,21,CCE2,15.993116208333333,33.411906333333334
2012-11-22,2012,11,22,CCE2,15.65120315625,33.428921
2012-11-23,2012,11,23,CCE2,15.498240093749999,33.444349145833336
2012-11-24,2012,11,24,CCE2,15.382874927083334,33.49507802083333
2012-11-25,2012,11,25,CCE2,15.133145333333333,33.48599914583333
2012-11-26,2012,11,26,CCE2,15.295771729166667,33.52658647916667
2012-11-27,2012,11,27,CCE2,15.504385874999999,33.53391339583333
2012-11-28,2012,11,28,CCE2,15.569485375,33.51532835416666
2012-11-29,2012,11,29,CCE2,15.67988684375,33.47744191666667
2012-11-30,2012,11,30,CCE2,15.654111364583335,33.48308316666667
2012-12-01,2012,12,1,CCE2,15.744969114583334,33.4230054375
2012-12-02,2012,12,2,CCE2,15.822922739583333,33.42477489583333
2012-12-03,2012,12,3,CCE2,15.993459718750001,33.442140145833335
2012-12-04,2012,12,4,CCE2,16.041679729166667,33.53111677083333
2012-12-05,2012,12,5,CCE2,15.952148145833334,33.529013
2012-12-06,2012,12,6,CCE2,15.858210093750001,33.525882458333335
2012-12-07,2012,12,7,CCE2,15.407213760416667,33.513974
2012-12-08,2012,12,8,CCE2,14.881211197916665,33.501068395833336
2012-12-09,2012,12,9,CCE2,14.584204364583334,33.49448295833333
2012-12-10,2012,12,10,CCE2,14.623951770833335,33.4982939375
2012-12-11,2012,12,11,CCE2,14.6297845,33.499885875
2012-12-12,2012,12,12,CCE2,14.462329802083334,33.504397583333336
2012-12-13,2012,12,13,CCE2,14.943706291666667,33.512124541666665
2012-12-14,2012,12,14,CCE2,14.82897659375,33.51534433333333
2012-12-15,2012,12,15,CCE2,14.682069822916667,33.515190458333336
2012-12-16,2012,12,16,CCE2,14.6331588125,33.50780604166667
2012-12-17,2012,12,17,CCE2,15.352891697916666,33.478997354166665
2012-12-18,2012,12,18,CCE2,15.33187028125,33.49185683333334
2012-12-19,2012,12,19,CCE2,13.797096791666666,33.507376979166665
2012-12-20,2012,12,20,CCE2,13.689008802083334,33.51077327083333
2012-12-21,2012,12,21,CCE2,13.98531665625,33.501335000000005
2012-12-22,2012,12,22,CCE2,15.039903614583332,33.45686154166667
2012-12-23,2012,12,23,CCE2,14.87863840625,33.446515874999996
2012-12-24,2012,12,24,CCE2,14.610844177083335,33.457261125
2012-12-25,2012,12,25,CCE2,14.34438740625,33.444633645833335
2012-12-26,2012,12,26,CCE2,14.235699302083333,33.44092264583333
2012-12-27,2012,12,27,CCE2,13.648180052083333,33.4823641875
2012-12-28,2012,12,28,CCE2,13.566583718750001,33.44081002083333
2012-12-29,2012,12,29,CCE2,13.549043572916666,33.433397375
2012-12-30,2012,12,30,CCE2,13.556501364583333,33.47066285416667
2012-12-31,2012,12,31,CCE2,13.490352739583335,33.489581916666666
2013-01-01,2013,1,1,CCE2,14.073579489583333,33.4525038125
2013-01-02,2013,1,2,CCE2,13.85988515625,33.46019366666667
2013-01-03,2013,1,3,CCE2,13.996101145833334,33.459013166666665
2013-01-04,2013,1,4,CCE2,14.075384041666666,33.400287125
2013-01-05,2013,1,5,CCE2,14.048918895833333,33.360063375
2013-01-06,2013,1,6,CCE2,13.658278739583332,33.405193875
2013-01-07,2013,1,7,CCE2,12.6534844375,33.51368683333333
2013-01-08,2013,1,8,CCE2,12.481877645833334,33.53389716666667
2013-01-09,2013,1,9,CCE2,13.112408333333335,33.3919956875
2013-01-10,2013,1,10,CCE2,13.285505687499999,33.36931704166667
2013-01-11,2013,1,11,CCE2,12.352128156249998,33.50037770833333
2013-01-12,2013,1,12,CCE2,12.531546333333333,33.3939970625
2013-01-13,2013,1,13,CCE2,12.742314427083334,33.38473872916666
2013-01-14,2013,1,14,CCE2,12.0344535,33.4103730625
2013-01-15,2013,1,15,CCE2,12.81291565625,33.34690675
2013-01-16,2013,1,16,CCE2,12.975244229166668,33.366197729166664
2013-01-17,2013,1,17,CCE2,12.928143604166666,33.33091075
2013-01-18,2013,1,18,CCE2,12.914872239583334,33.30757852083333
2013-01-19,2013,1,19,CCE2,12.449509208333334,33.366770645833334
2013-01-20,2013,1,20,CCE2,12.61594,33.3319693125
2013-01-21,2013,1,21,CCE2,12.828385239583334,33.3047211875
2013-01-22,2013,1,22,CCE2,12.685165885416666,33.34597452083333
2013-01-23,2013,1,23,CCE2,12.57260503125,33.366550645833335
2013-01-24,2013,1,24,CCE2,12.321666927083333,33.368835125
2013-01-25,2013,1,25,CCE2,12.419101770833334,33.346273458333336
2013-01-26,2013,1,26,CCE2,12.886526270833334,33.31783689583333
2013-01-27,2013,1,27,CCE2,12.77007571875,33.37950133333333
2013-01-28,2013,1,28,CCE2,12.253004395833335,33.42095179166667
2013-01-29,2013,1,29,CCE2,12.042962197916665,33.5605315
2013-01-30,2013,1,30,CCE2,12.144528239583332,33.57457335416667
2013-01-31,2013,1,31,CCE2,12.257290187499999,33.571821729166665
2013-02-01,2013,2,1,CCE2,12.270145989583334,33.574322979166666
2013-02-02,2013,2,2,CCE2,12.221182958333332,33.561832208333335
2013-02-03,2013,2,3,CCE2,12.194276083333333,33.56388641666667
2013-02-04,2013,2,4,CCE2,12.243561052083335,33.4772075
2013-02-05,2013,2,5,CCE2,12.291739666666667,33.47023575
2013-02-06,2013,2,6,CCE2,12.138666145833334,33.5103009375
2013-02-07,2013,2,7,CCE2,12.169930260416665,33.55416316666667
2013-02-08,2013,2,8,CCE2,12.23596303125,33.57411320833334
2013-02-09,2013,2,9,CCE2,12.052735375,33.5828543125
2013-02-10,2013,2,10,CCE2,11.956453520833334,33.585734520833334
2013-02-11,2013,2,11,CCE2,11.999436302083334,33.5870945625
2013-02-12,2013,2,12,CCE2,11.991927427083333,33.59395116666666
2013-02-13,2013,2,13,CCE2,11.951066541666668,33.59856389583333
2013-02-14,2013,2,14,CCE2,11.945715979166666,33.59771339583333
2013-02-15,2013,2,15,CCE2,12.060082125000001,33.57629697916666
2013-02-16,2013,2,16,CCE2,12.266081572916667,33.558509625
2013-02-17,2013,2,17,CCE2,12.383128958333332,33.51925472916667
2013-02-18,2013,2,18,CCE2,12.17462003125,33.564089375
2013-02-19,2013,2,19,CCE2,12.013842427083333,33.550914229166665
2013-02-20,2013,2,20,CCE2,11.911102322916667,33.53815004166667
2013-02-21,2013,2,21,CCE2,11.735060177083334,33.5616523125
2013-02-22,2013,2,22,CCE2,11.607615927083332,33.57239472916667
2013-02-23,2013,2,23,CCE2,11.55004240625,33.590898375
2013-02-24,2013,2,24,CCE2,11.318958593749999,33.634638020833336
2013-02-25,2013,2,25,CCE2,11.3101538125,33.656164958333335
2013-02-26,2013,2,26,CCE2,11.134996989583334,33.6706395
2013-02-27,2013,2,27,CCE2,11.498256906249999,33.660851125
2013-02-28,2013,2,28,CCE2,11.9206063125,33.64227427083333
2013-03-01,2013,3,1,CCE2,12.171964000000001,33.631578062500004
2013-03-02,2013,3,2,CCE2,12.082936479166667,33.626303375
2013-03-03,2013,3,3,CCE2,11.995594333333335,33.640869
2013-03-04,2013,3,4,CCE2,12.252166718749999,33.64557677083334
2013-03-05,2013,3,5,CCE2,11.953157718749999,33.666273395833336
2013-03-06,2013,3,6,CCE2,12.1388135625,33.664388020833336
2013-03-07,2013,3,7,CCE2,12.12242971875,33.64898483333334
2013-03-08,2013,3,8,CCE2,12.087022833333334,33.631520458333334
2013-03-09,2013,3,9,CCE2,11.978972260416667,33.657640979166665
2013-03-10,2013,3,10,CCE2,11.748265541666667,33.672946520833335
2013-03-11,2013,3,11,CCE2,11.827860781250001,33.672034625
2013-03-12,2013,3,12,CCE2,11.617560208333332,33.70348797916667
2013-03-13,2013,3,13,CCE2,11.769199177083332,33.69723189583333
2013-03-14,2013,3,14,CCE2,12.083340447916667,33.6591418125
2013-03-15,2013,3,15,CCE2,12.091910729166665,33.65971558333333
2013-03-16,2013,3,16,CCE2,11.92899775,33.6797210625
2013-03-17,2013,3,17,CCE2,11.47029928125,33.71857429166666
2013-03-18,2013,3,18,CCE2,11.353363270833334,33.74130010416666
2013-03-19,2013,3,19,CCE2,11.629950156249999,33.717199125
2013-03-20,2013,3,20,CCE2,11.923987166666668,33.69835660416667
2013-03-21,2013,3,21,CCE2,11.982951260416668,33.683221625
2013-03-22,2013,3,22,CCE2,11.409173552083333,33.75823464583333
2013-03-23,2013,3,23,CCE2,11.540116729166668,33.75170639583333
2013-03-24,2013,3,24,CCE2,11.556357958333335,33.7504925
2013-03-25,2013,3,25,CCE2,11.593084479166668,33.75258735416667
2013-03-26,2013,3,26,CCE2,11.705956885416667,33.744820749999995
2013-03-27,2013,3,27,CCE2,11.842258322916665,33.723080208333336
2013-03-28,2013,3,28,CCE2,11.984587010416666,33.69806270833333
2013-03-29,2013,3,29,CCE2,12.14310109375,33.671224875
2013-03-30,2013,3,30,CCE2,12.130310875,33.67244470833334
2013-03-31,2013,3,31,CCE2,12.362272927083334,33.67618366666667
2013-04-01,2013,4,1,CCE2,12.792301458333334,33.6743911875
2013-04-02,2013,4,2,CCE2,13.20150921875,33.66991829166667
2013-04-03,2013,4,3,CCE2,13.013075395833333,33.67095172916667
2013-04-04,2013,4,4,CCE2,13.070176864583333,33.66250095833333
2013-04-05,2013,4,5,CCE2,13.217388885416668,33.66327170833333
2013-04-06,2013,4,6,CCE2,13.093140458333332,33.668003875000004
2013-04-07,2013,4,7,CCE2,12.61912528125,33.68389558333333
2013-04-08,2013,4,8,CCE2,12.171003958333332,33.70882804166667
2013-04-09,2013,4,9,CCE2,11.081959697916666,33.7572781875
2013-04-12,2013,4,12,CCE2,11.710484427083335,33.72916704166666
2013-04-13,2013,4,13,CCE2,11.482511760416665,33.737909145833335
2013-04-14,2013,4,14,CCE2,11.197412083333333,33.762313687500004
2013-04-15,2013,4,15,CCE2,11.581166520833333,33.77337983333333
2013-04-16,2013,4,16,CCE2,11.745758520833334,33.77364427083334
2013-04-17,2013,4,17,CCE2,11.652877531249999,33.74789654166667
2013-04-18,2013,4,18,CCE2,11.596644437499998,33.69586254166666
2013-04-19,2013,4,19,CCE2,11.821082166666665,33.6929349375
2013-04-20,2013,4,20,CCE2,12.036999187500001,33.60760925
2013-04-21,2013,4,21,CCE2,11.882141062499999,33.577146854166664
2013-04-22,2013,4,22,CCE2,12.234751822916666,33.577205291666665
2013-04-23,2013,4,23,CCE2,12.547468781249998,33.572591458333335
2013-04-24,2013,4,24,CCE2,12.707862833333332,33.57737414583333
2013-04-25,2013,4,25,CCE2,13.280348458333334,33.70298941666667
2013-04-26,2013,4,26,CCE2,13.53845496875,33.74403341666667
2013-04-27,2013,4,27,CCE2,12.581311541666667,33.70689914583333
2013-04-28,2013,4,28,CCE2,12.35895340625,33.7567170625
2013-04-29,2013,4,29,CCE2,12.205926635416667,33.76527764583333
2013-04-30,2013,4,30,CCE2,12.273349854166668,33.751451020833336
2013-05-01,2013,5,1,CCE2,12.192604364583334,33.70316727083333
2013-05-02,2013,5,2,CCE2,13.220283708333334,33.72997389583333
2013-05-03,2013,5,3,CCE2,13.327348687499999,33.71301685416667
2013-05-04,2013,5,4,CCE2,13.383042572916667,33.72440822916666
2013-05-05,2013,5,5,CCE2,13.09523459375,33.72220191666667
2013-05-06,2013,5,6,CCE2,13.113984760416665,33.67205689583333
2013-05-07,2013,5,7,CCE2,12.859941354166667,33.73175608333333
2013-05-08,2013,5,8,CCE2,12.931812468750001,33.89065870833333
2013-05-09,2013,5,9,CCE2,13.234669072916667,33.83110385416666
2013-05-10,2013,5,10,CCE2,13.324642208333332,33.734597083333334
2013-05-11,2013,5,11,CCE2,13.154794614583333,33.71223641666666
2013-05-12,2013,5,12,CCE2,13.303630333333333,33.719078375
2013-05-13,2013,5,13,CCE2,13.603486802083333,33.727963625
2013-05-14,2013,5,14,CCE2,13.6767495625,33.71655135416667
2013-05-15,2013,5,15,CCE2,13.230960375,33.7239979375
2013-05-16,2013,5,16,CCE2,12.396977229166666,33.73508995833333
2013-05-17,2013,5,17,CCE2,12.020385833333334,33.755569125
2013-05-18,2013,5,18,CCE2,11.898192395833334,33.7478836875
2013-05-19,2013,5,19,CCE2,11.913184291666667,33.7412576875
2013-05-20,2013,5,20,CCE2,11.723626208333334,33.75820229166667
2013-05-21,2013,5,21,CCE2,12.323720239583333,33.749204937500004
2013-05-22,2013,5,22,CCE2,13.054022635416667,33.749072812499996
2013-05-23,2013,5,23,CCE2,12.125783343750001,33.773356229166666
2013-05-24,2013,5,24,CCE2,11.963573166666668,33.79222089583333
2013-05-25,2013,5,25,CCE2,12.830671354166666,33.779538583333334
2013-05-26,2013,5,26,CCE2,12.988311166666668,33.78436033333333
2013-05-27,2013,5,27,CCE2,12.797457406249999,33.77833733333333
2013-05-28,2013,5,28,CCE2,12.833982697916667,33.75253941666667
2013-05-29,2013,5,29,CCE2,12.433743447916667,33.75356
2013-05-30,2013,5,30,CCE2,12.232922697916665,33.752290020833335
2013-05-31,2013,5,31,CCE2,11.507137666666667,33.76611489583333
2013-06-01,2013,6,1,CCE2,11.442927458333335,33.781494
2013-06-02,2013,6,2,CCE2,12.62795896875,33.80167491666666
2013-06-03,2013,6,3,CCE2,13.455526052083334,33.7706918125
2013-06-04,2013,6,4,CCE2,12.934667989583334,33.784617895833335
2013-06-05,2013,6,5,CCE2,13.382395208333334,33.813426604166665
2013-06-06,2013,6,6,CCE2,13.285808010416666,33.828038916666664
2013-06-07,2013,6,7,CCE2,13.72410621875,33.750496104166665
2013-06-08,2013,6,8,CCE2,13.529110697916666,33.745639125000004
2013-06-09,2013,6,9,CCE2,13.310850593749999,33.7513165625
2013-06-10,2013,6,10,CCE2,13.389813302083333,33.71255852083333
2013-06-11,2013,6,11,CCE2,14.190532312499998,33.7288705625
2013-06-12,2013,6,12,CCE2,14.292020239583332,33.76503772916667
2013-06-13,2013,6,13,CCE2,13.961057916666666,33.684019687500005
2013-06-14,2013,6,14,CCE2,14.07385615625,33.639655312500004
2013-06-15,2013,6,15,CCE2,14.008164677083334,33.63162335416667
2013-06-16,2013,6,16,CCE2,13.478387854166668,33.661142625000004
2013-06-17,2013,6,17,CCE2,13.402315166666666,33.687821
2013-06-18,2013,6,18,CCE2,13.255188447916666,33.70006447916666
2013-06-19,2013,6,19,CCE2,12.22865753125,33.721511354166665
2013-06-20,2013,6,20,CCE2,11.449428645833335,33.749474354166665
2013-06-21,2013,6,21,CCE2,11.508743510416666,33.750951791666665
2013-06-22,2013,6,22,CCE2,11.462785364583333,33.7534585625
2013-06-23,2013,6,23,CCE2,11.81243153125,33.719456375
2013-06-24,2013,6,24,CCE2,12.601635916666666,33.68826954166666
2013-06-25,2013,6,25,CCE2,13.446927854166667,33.66396264583333
2013-06-26,2013,6,26,CCE2,14.7295239375,33.66656135416667
2013-06-27,2013,6,27,CCE2,14.631022187500001,33.67467558333333
2013-06-28,2013,6,28,CCE2,14.565630749999999,33.689033583333334
2013-06-29,2013,6,29,CCE2,14.5909476875,33.68544325
2013-06-30,2013,6,30,CCE2,14.363689739583334,33.7030255
2013-07-01,2013,7,1,CCE2,13.889914979166667,33.72331929166666
2013-07-02,2013,7,2,CCE2,13.673492385416667,33.701139250000004
2013-07-03,2013,7,3,CCE2,14.655934239583333,33.7148561875
2013-07-04,2013,7,4,CCE2,14.802022125,33.698461270833334
2013-07-05,2013,7,5,CCE2,16.3232411875,33.657892708333335
2013-07-06,2013,7,6,CCE2,15.778685197916666,33.72462477083334
2013-07-07,2013,7,7,CCE2,15.574454114583332,33.71756079166666
2013-07-08,2013,7,8,CCE2,15.356791854166666,33.69142320833333
2013-07-09,2013,7,9,CCE2,15.035165072916667,33.66034929166667
2013-07-10,2013,7,10,CCE2,14.743005010416667,33.6623896875
2013-07-11,2013,7,11,CCE2,14.213551083333334,33.65922352083333
2013-07-12,2013,7,12,CCE2,14.613838833333332,33.664052687499996
2013-07-13,2013,7,13,CCE2,14.403649604166667,33.65793685416667
2013-07-14,2013,7,14,CCE2,13.588504114583332,33.6384858125
2013-07-15,2013,7,15,CCE2,12.681325062500001,33.62879054166667
2013-07-16,2013,7,16,CCE2,12.667373312499999,33.64049283333333
2013-07-17,2013,7,17,CCE2,12.711146479166667,33.6464289375
2013-07-18,2013,7,18,CCE2,12.343842572916666,33.660069625
2013-07-19,2013,7,19,CCE2,12.02018875,33.64969395833334
2013-07-20,2013,7,20,CCE2,11.971216104166666,33.651577145833336
2013-07-21,2013,7,21,CCE2,12.023320624999998,33.64590752083333
2013-07-22,2013,7,22,CCE2,12.180622885416668,33.647851083333336
2013-07-23,2013,7,23,CCE2,14.220112833333333,33.62284047916667
2013-07-24,2013,7,24,CCE2,14.831465125000001,33.64545835416667
2013-07-25,2013,7,25,CCE2,15.041015458333334,33.64489116666667
2013-07-26,2013,7,26,CCE2,14.142236437500001,33.649246437500004
2013-07-27,2013,7,27,CCE2,13.37971178125,33.65014766666666
2013-07-28,2013,7,28,CCE2,13.205616135416667,33.64600375
2013-07-29,2013,7,29,CCE2,12.8872873125,33.63669995833333
2013-07-30,2013,7,30,CCE2,13.323541864583333,33.62040660416667
2013-07-31,2013,7,31,CCE2,14.328533729166667,33.63204547916667
2013-08-01,2013,8,1,CCE2,14.84633825,33.62473225
2013-08-02,2013,8,2,CCE2,14.39632184375,33.62752979166667
2013-08-03,2013,8,3,CCE2,14.14357203125,33.638657145833335
2013-08-04,2013,8,4,CCE2,14.095334895833332,33.64252454166667
2013-08-05,2013,8,5,CCE2,14.047441270833334,33.64572725
2013-08-06,2013,8,6,CCE2,14.119308250000001,33.64647433333334
2013-08-07,2013,8,7,CCE2,13.885691822916668,33.64150729166666
2013-08-08,2013,8,8,CCE2,13.282190156250001,33.616970375
2013-08-09,2013,8,9,CCE2,13.059544541666668,33.617880979166664
2013-08-10,2013,8,10,CCE2,13.930980197916666,33.627728375
2013-08-11,2013,8,11,CCE2,13.900851302083334,33.696779416666665
2013-08-12,2013,8,12,CCE2,14.331920322916666,33.63295525
2013-08-13,2013,8,13,CCE2,14.2839310625,33.620901625
2013-08-14,2013,8,14,CCE2,14.434154177083334,33.6277325625
2013-08-15,2013,8,15,CCE2,14.60428996875,33.62256235416667
2013-08-16,2013,8,16,CCE2,14.317852697916665,33.617348375
2013-08-17,2013,8,17,CCE2,14.4651571875,33.6086183125
2013-08-18,2013,8,18,CCE2,14.481822062500001,33.60444577083333
2013-08-19,2013,8,19,CCE2,13.334372354166668,33.59475447916667
2013-08-20,2013,8,20,CCE2,14.089724625,33.612457791666664
2013-08-21,2013,8,21,CCE2,14.85970821875,33.62352283333333
2013-08-22,2013,8,22,CCE2,15.385481552083334,33.61845904166667
2013-08-23,2013,8,23,CCE2,15.962633729166667,33.61225910416667
2013-08-24,2013,8,24,CCE2,14.669625760416666,33.60797183333333
2013-08-25,2013,8,25,CCE2,14.154505125,33.59456889583333
2013-08-26,2013,8,26,CCE2,14.120003427083333,33.5867461875
2013-08-27,2013,8,27,CCE2,14.108635031250001,33.590567125
2013-08-28,2013,8,28,CCE2,13.512901833333332,33.5747185625
2013-08-29,2013,8,29,CCE2,13.479179291666666,33.60042625
2013-08-30,2013,8,30,CCE2,13.950898177083333,33.620692375
2013-08-31,2013,8,31,CCE2,14.373044447916667,33.60079277083333
2013-09-01,2013,9,1,CCE2,14.874073875,33.60646185416667
2013-09-02,2013,9,2,CCE2,15.36681371875,33.6041805
2013-09-03,2013,9,3,CCE2,16.342484708333334,33.60636845833333
2013-09-04,2013,9,4,CCE2,16.847781041666668,33.61687135416667
2013-09-05,2013,9,5,CCE2,15.963931072916667,33.580067041666666
2013-09-06,2013,9,6,CCE2,14.736514885416668,33.5449864375
2013-09-07,2013,9,7,CCE2,15.521081697916665,33.5559721875
2013-09-08,2013,9,8,CCE2,15.892613416666668,33.576779375
2013-09-09,2013,9,9,CCE2,15.692394739583333,33.571037249999996
2013-09-10,2013,9,10,CCE2,15.632049302083333,33.557829812499996
2013-09-11,2013,9,11,CCE2,15.322922447916667,33.561637749999996
2013-09-12,2013,9,12,CCE2,15.52357903125,33.579657875
2013-09-13,2013,9,13,CCE2,15.284458406250002,33.59681477083333
2013-09-14,2013,9,14,CCE2,13.442429500000001,33.59606345833333
2013-09-15,2013,9,15,CCE2,12.892754833333333,33.59152770833334
2013-09-16,2013,9,16,CCE2,13.398348864583333,33.592955583333335
2013-09-17,2013,9,17,CCE2,13.225434510416667,33.592584979166666
2013-09-18,2013,9,18,CCE2,12.981145249999999,33.59286408333333
2013-09-19,2013,9,19,CCE2,13.042578864583334,33.593078291666664
2013-09-20,2013,9,20,CCE2,13.093941614583334,33.57579916666666
2013-09-21,2013,9,21,CCE2,13.794421093750001,33.577675104166666
2013-09-22,2013,9,22,CCE2,14.020227541666666,33.5731750625
2013-09-23,2013,9,23,CCE2,14.232411135416667,33.572536854166664
2013-09-24,2013,9,24,CCE2,15.015442666666667,33.579117520833336
2013-09-25,2013,9,25,CCE2,14.758130427083332,33.571226270833336
2013-09-26,2013,9,26,CCE2,14.18832040625,33.56492933333333
2013-09-27,2013,9,27,CCE2,13.713549760416667,33.5604740625
2013-09-28,2013,9,28,CCE2,13.80750015625,33.56146397916667
2013-09-29,2013,9,29,CCE2,13.875517072916667,33.553860291666666
2013-09-30,2013,9,30,CCE2,14.230931916666668,33.55243608333333
2013-10-01,2013,10,1,CCE2,14.076675927083334,33.52796025
2013-10-02,2013,10,2,CCE2,14.095644885416666,33.54211535416667
2013-10-03,2013,10,3,CCE2,14.108566041666668,33.54981010416667
2013-10-04,2013,10,4,CCE2,14.310405885416666,33.55962270833333
2013-10-05,2013,10,5,CCE2,14.736885427083335,33.573500520833335
2013-10-06,2013,10,6,CCE2,14.834910541666666,33.573475333333334
2013-10-07,2013,10,7,CCE2,14.643171302083333,33.563263125
2013-10-08,2013,10,8,CCE2,15.2244486875,33.546719395833335
2013-10-09,2013,10,9,CCE2,15.237575979166666,33.5780805625
2013-10-10,2013,10,10,CCE2,15.465020020833334,33.539301020833335
2013-10-11,2013,10,11,CCE2,15.419722520833334,33.566697437500004
2013-10-12,2013,10,12,CCE2,15.008154,33.57960014583333
2013-10-13,2013,10,13,CCE2,14.644504260416667,33.5666275
2013-10-14,2013,10,14,CCE2,14.425012739583332,33.547473708333335
2013-10-15,2013,10,15,CCE2,14.93484853125,33.559440333333335
2013-10-16,2013,10,16,CCE2,15.005921749999999,33.561500875
2013-10-17,2013,10,17,CCE2,15.722955364583333,33.56159
2013-10-18,2013,10,18,CCE2,16.758012114583334,33.615818895833335
2013-10-19,2013,10,19,CCE2,17.05754747916667,33.639303041666665
2013-10-20,2013,10,20,CCE2,16.84509375,33.61762425
2013-10-21,2013,10,21,CCE2,16.414483666666666,33.607198125000004
2013-10-22,2013,10,22,CCE2,16.417340114583332,33.58366479166667
2013-10-23,2013,10,23,CCE2,16.4245298125,33.605295041666665
2013-10-24,2013,10,24,CCE2,16.100317739583335,33.62481777083333
2013-10-25,2013,10,25,CCE2,15.763678447916666,33.63350366666666
2013-10-26,2013,10,26,CCE2,15.76095575,33.62183797916666
2013-10-27,2013,10,27,CCE2,15.688660177083333,33.60047952083333
2013-10-28,2013,10,28,CCE2,14.781435489583332,33.558847625
2013-10-29,2013,10,29,CCE2,14.971379479166666,33.56144079166666
2013-10-30,2013,10,30,CCE2,15.089748479166666,33.56714745833333
2013-10-31,2013,10,31,CCE2,14.682967635416666,33.553825645833335
2013-11-01,2013,11,1,CCE2,14.713007395833332,33.5535875
2013-11-02,2013,11,2,CCE2,15.605336874999999,33.5723871875
2013-11-03,2013,11,3,CCE2,16.222557979166666,33.6045365
2013-11-04,2013,11,4,CCE2,15.403487406250001,33.57385383333333
2013-11-05,2013,11,5,CCE2,14.347348135416667,33.534051437500004
2013-11-06,2013,11,6,CCE2,14.852204614583334,33.554333375
2013-11-07,2013,11,7,CCE2,15.246665375,33.57981227083334
2013-11-08,2013,11,8,CCE2,16.27667185416667,33.650707562499996
2013-11-09,2013,11,9,CCE2,16.457005437499998,33.6595059375
2013-11-10,2013,11,10,CCE2,16.102212166666668,33.62938654166667
2013-11-11,2013,11,11,CCE2,16.267308166666666,33.64887272916666
2013-11-12,2013,11,12,CCE2,16.338322854166666,33.64942839583333
2013-11-13,2013,11,13,CCE2,15.79336078125,33.587491604166665
2013-11-14,2013,11,14,CCE2,14.879861072916666,33.550180375000004
2013-11-15,2013,11,15,CCE2,14.793750854166667,33.5380729375
2013-11-16,2013,11,16,CCE2,14.38918653125,33.5198100625
2013-11-17,2013,11,17,CCE2,14.262570208333335,33.537258979166666
2013-11-18,2013,11,18,CCE2,14.432493385416668,33.55184947916667
2013-11-19,2013,11,19,CCE2,14.480964510416667,33.567390895833334
2013-11-20,2013,11,20,CCE2,14.788523104166666,33.57329475
2013-11-21,2013,11,21,CCE2,15.393996291666667,33.622398395833336
2013-11-22,2013,11,22,CCE2,15.223857,33.58585708333333
2013-11-23,2013,11,23,CCE2,15.39662190625,33.593893625
2013-11-24,2013,11,24,CCE2,15.223767927083335,33.588090208333334
2013-11-25,2013,11,25,CCE2,15.157620427083332,33.582221520833336
2013-11-26,2013,11,26,CCE2,15.567910249999999,33.61527085416667
2013-11-27,2013,11,27,CCE2,16.161304322916667,33.63426283333333
2013-11-28,2013,11,28,CCE2,16.03088159375,33.614731229166665
2013-11-29,2013,11,29,CCE2,15.6076235625,33.566965062499996
2013-11-30,2013,11,30,CCE2,15.714438343749999,33.55583160416666
2013-12-01,2013,12,1,CCE2,15.827751239583334,33.578420666666666
2013-12-02,2013,12,2,CCE2,15.6673305625,33.586373020833335
2013-12-03,2013,12,3,CCE2,15.55397465625,33.58150429166667
2013-12-04,2013,12,4,CCE2,15.121949947916667,33.574818791666665
2013-12-05,2013,12,5,CCE2,14.678552260416666,33.57050439583333
2013-12-06,2013,12,6,CCE2,14.339746281250001,33.5795893125
2013-12-07,2013,12,7,CCE2,14.159534114583332,33.579446895833335
2013-12-08,2013,12,8,CCE2,13.698923916666667,33.55110716666667
2013-12-09,2013,12,9,CCE2,13.462084666666668,33.55636527083333
2013-12-10,2013,12,10,CCE2,13.157095395833332,33.546393979166666
2013-12-11,2013,12,11,CCE2,13.276789458333333,33.554561812500005
2013-12-12,2013,12,12,CCE2,13.455843697916668,33.56767391666667
2013-12-13,2013,12,13,CCE2,13.10567534375,33.562420708333335
2013-12-14,2013,12,14,CCE2,13.40488396875,33.58090989583334
2013-12-15,2013,12,15,CCE2,13.7630029375,33.5926630625
2013-12-16,2013,12,16,CCE2,13.596399052083333,33.57662060416667
2013-12-17,2013,12,17,CCE2,13.542447291666667,33.555927312499996
2013-12-18,2013,12,18,CCE2,13.756082958333332,33.54139633333333
2013-12-19,2013,12,19,CCE2,13.764158239583333,33.54276841666667
2013-12-20,2013,12,20,CCE2,13.563423093750002,33.55279016666667
2013-12-21,2013,12,21,CCE2,13.588436010416666,33.54756489583333
2013-12-22,2013,12,22,CCE2,13.62473609375,33.562953791666665
2013-12-23,2013,12,23,CCE2,13.546425947916667,33.550749625
2013-12-24,2013,12,24,CCE2,13.793238760416665,33.554822979166666
2013-12-25,2013,12,25,CCE2,13.64639525,33.54713975
2013-12-26,2013,12,26,CCE2,13.86583728125,33.54387175
2013-12-27,2013,12,27,CCE2,14.009056177083332,33.55729658333333
2013-12-28,2013,12,28,CCE2,14.690931583333333,33.570116500000005
2013-12-29,2013,12,29,CCE2,14.561179833333334,33.55623958333333
2013-12-30,2013,12,30,CCE2,14.103859333333332,33.5489271875
2013-12-31,2013,12,31,CCE2,14.227342833333333,33.555346666666665
2014-01-01,2014,1,1,CCE2,14.406953531249998,33.55403975
2014-01-02,2014,1,2,CCE2,14.72869328125,33.565036354166665
2014-01-03,2014,1,3,CCE2,14.886066625,33.56914464583333
2014-01-04,2014,1,4,CCE2,14.9578085,33.5745538125
2014-01-05,2014,1,5,CCE2,14.479640187500001,33.54951366666666
2014-01-06,2014,1,6,CCE2,14.456319531250001,33.55050539583333
2014-01-07,2014,1,7,CCE2,14.254349052083334,33.542050833333334
2014-01-08,2014,1,8,CCE2,14.39062,33.553973354166665
2014-01-09,2014,1,9,CCE2,14.3953411875,33.555434166666664
2014-01-10,2014,1,10,CCE2,14.058060124999999,33.53850991666667
2014-01-11,2014,1,11,CCE2,13.621441552083333,33.53284027083333
2014-01-12,2014,1,12,CCE2,13.94909828125,33.536440729166664
2014-01-13,2014,1,13,CCE2,14.097575635416668,33.53629170833333
2014-01-14,2014,1,14,CCE2,14.710573802083333,33.57164275
2014-01-15,2014,1,15,CCE2,14.347538666666667,33.56848683333333
2014-01-16,2014,1,16,CCE2,13.661359833333334,33.56075929166666
2014-01-17,2014,1,17,CCE2,13.263424583333332,33.55751020833333
2014-01-18,2014,1,18,CCE2,13.876870677083334,33.55846304166666
2014-01-19,2014,1,19,CCE2,14.191020979166666,33.53305604166667
2014-01-20,2014,1,20,CCE2,14.080687947916667,33.5012715625
2014-01-21,2014,1,21,CCE2,14.187836166666665,33.478114437500004
2014-01-22,2014,1,22,CCE2,14.8043801875,33.53247983333333
2014-01-23,2014,1,23,CCE2,14.905032489583334,33.5448965625
2014-01-24,2014,1,24,CCE2,14.864620322916666,33.54163910416667
2014-01-25,2014,1,25,CCE2,14.8046726875,33.52904677083333
2014-01-26,2014,1,26,CCE2,14.701772979166668,33.529978541666665
2014-01-27,2014,1,27,CCE2,14.67324825,33.529379041666665
2014-01-28,2014,1,28,CCE2,14.630444395833335,33.52749952083334
2014-01-29,2014,1,29,CCE2,14.548875895833334,33.51754097916667
2014-01-30,2014,1,30,CCE2,14.724134427083333,33.521933708333336
2014-01-31,2014,1,31,CCE2,14.836638875,33.518001958333336
2014-02-01,2014,2,1,CCE2,14.245930874999999,33.515628041666666
2014-02-02,2014,2,2,CCE2,13.848118572916666,33.509393458333335
2014-02-03,2014,2,3,CCE2,13.874827354166667,33.499272062500005
2014-02-04,2014,2,4,CCE2,13.674439999999999,33.52058929166667
2014-02-05,2014,2,5,CCE2,13.1533881875,33.52252608333333
2014-02-06,2014,2,6,CCE2,13.080890604166667,33.50198291666667
2014-02-07,2014,2,7,CCE2,13.126088843749999,33.48571691666667
2014-02-08,2014,2,8,CCE2,13.325382864583332,33.494344125
2014-02-09,2014,2,9,CCE2,13.528189260416667,33.494395562499996
2014-02-10,2014,2,10,CCE2,13.610362520833334,33.49427775
2014-02-11,2014,2,11,CCE2,13.681733718750001,33.48484602083334
2014-02-12,2014,2,12,CCE2,13.728827760416666,33.475888833333336
2014-02-13,2014,2,13,CCE2,13.337344635416668,33.47801902083334
2014-02-14,2014,2,14,CCE2,13.287532479166666,33.50910852083333
2014-02-15,2014,2,15,CCE2,13.207455458333333,33.50807827083333
2014-02-16,2014,2,16,CCE2,13.504147479166667,33.505927375
2014-02-17,2014,2,17,CCE2,13.317054041666667,33.50264014583333
2014-02-18,2014,2,18,CCE2,13.30672103125,33.4894911875
2014-02-19,2014,2,19,CCE2,13.031669166666667,33.49700625
2014-02-20,2014,2,20,CCE2,12.624092354166665,33.516702020833335
2014-02-21,2014,2,21,CCE2,12.8626175625,33.52083227083333
2014-02-22,2014,2,22,CCE2,13.167747135416667,33.5279723125
2014-02-23,2014,2,23,CCE2,13.416568229166666,33.51756060416667
2014-02-24,2014,2,24,CCE2,13.212408083333335,33.5080739375
2014-02-25,2014,2,25,CCE2,12.97868965625,33.507959875000005
2014-02-26,2014,2,26,CCE2,13.016912604166668,33.510834270833335
2014-02-27,2014,2,27,CCE2,13.344175520833334,33.47878952083334
2014-02-28,2014,2,28,CCE2,13.3964029375,33.46495727083333
2014-03-01,2014,3,1,CCE2,13.382282270833334,33.45179514583334
2014-03-02,2014,3,2,CCE2,13.419926458333334,33.44351141666667
2014-03-03,2014,3,3,CCE2,13.467151625,33.43360383333333
2014-03-04,2014,3,4,CCE2,13.443124885416667,33.428995291666666
2014-03-05,2014,3,5,CCE2,13.965723104166665,33.40052677083333
2014-03-06,2014,3,6,CCE2,13.912500427083332,33.409272
2014-03-07,2014,3,7,CCE2,13.699311166666666,33.429194520833335
2014-03-08,2014,3,8,CCE2,13.471417677083332,33.44757714583333
2014-03-09,2014,3,9,CCE2,13.498732593749999,33.457311624999996
2014-03-10,2014,3,10,CCE2,13.500932833333332,33.462551875
2014-03-11,2014,3,11,CCE2,13.46424359375,33.45955810416667
2014-03-12,2014,3,12,CCE2,13.873296042553193,33.435816276595745
2014-03-13,2014,3,13,CCE2,13.85169034375,33.355043625
2014-03-14,2014,3,14,CCE2,13.980812673076922,33.462120999999996
2014-03-15,2014,3,15,CCE2,13.970012261363637,33.46486518181818
2014-03-16,2014,3,16,CCE2,14.034282374999998,33.468238729166664
2014-03-17,2014,3,17,CCE2,14.023413895833334,33.468926875
2014-03-18,2014,3,18,CCE2,13.87207453125,33.47344835416667
2014-03-19,2014,3,19,CCE2,13.918518645833332,33.475651479166665
2014-03-20,2014,3,20,CCE2,14.033358552083333,33.47633422916667
2014-03-21,2014,3,21,CCE2,14.116142135416666,33.479577229166665
2014-03-22,2014,3,22,CCE2,14.072048708333334,33.483096625
2014-03-23,2014,3,23,CCE2,14.046407260416666,33.456864
2014-03-24,2014,3,24,CCE2,14.033792927083333,33.438317500000004
2014-03-25,2014,3,25,CCE2,14.065397375000002,33.4441919375
2014-03-26,2014,3,26,CCE2,14.109389354166666,33.4377406875
2014-03-27,2014,3,27,CCE2,14.248764677083335,33.44077272916667
2014-03-28,2014,3,28,CCE2,14.149762843749999,33.459170354166666
2014-03-29,2014,3,29,CCE2,14.237017291666668,33.433585791666665
2014-03-30,2014,3,30,CCE2,14.2596384375,33.344166083333334
2014-03-31,2014,3,31,CCE2,14.301446895833335,33.3375255
2014-04-01,2014,4,1,CCE2,14.384278427083332,33.397290875
2014-04-02,2014,4,2,CCE2,14.30045575,33.4119128125
2014-04-03,2014,4,3,CCE2,14.145564375,33.4522258125
2014-04-04,2014,4,4,CCE2,13.72921271875,33.46657729166667
2014-04-05,2014,4,5,CCE2,13.523665010416666,33.42157108333333
2014-04-06,2014,4,6,CCE2,13.360102770833334,33.401715
2014-04-07,2014,4,7,CCE2,13.679698906250001,33.39341625
2014-04-08,2014,4,8,CCE2,13.742688656250001,33.426011020833336
2014-04-09,2014,4,9,CCE2,13.324676520833334,33.35162885416667
2014-04-10,2014,4,10,CCE2,13.12696009375,33.39109
2014-04-11,2014,4,11,CCE2,13.459862468750002,33.3487435625
2014-04-12,2014,4,12,CCE2,13.576989927083332,33.35883997916667
2014-04-13,2014,4,13,CCE2,12.717017208333333,33.486684645833336
2014-04-14,2014,4,14,CCE2,12.513896770833334,33.52388085416667
2014-04-15,2014,4,15,CCE2,12.375859479166666,33.5488204375
2014-04-16,2014,4,16,CCE2,12.200903510416666,33.52795135416667
2014-04-17,2014,4,17,CCE2,12.293297541666668,33.5920118125
2014-04-18,2014,4,18,CCE2,12.624135322916667,33.36823591666667
2014-04-19,2014,4,19,CCE2,13.265652135416666,33.3846956875
2014-04-20,2014,4,20,CCE2,12.819881760416665,33.414454
2014-04-21,2014,4,21,CCE2,13.274240239583333,33.354367958333334
2014-04-22,2014,4,22,CCE2,13.382167625000001,33.20515425
2014-04-23,2014,4,23,CCE2,12.305949145833333,33.30411275
2014-04-24,2014,4,24,CCE2,12.006372260416667,33.38134683333333
2014-04-25,2014,4,25,CCE2,11.444376750000002,33.40791714583333
2014-04-26,2014,4,26,CCE2,12.319947916666665,33.29317252083333
2014-04-27,2014,4,27,CCE2,12.805525333333334,33.116357979166665
2014-04-28,2014,4,28,CCE2,13.906402604166667,33.09940420833333
2014-04-29,2014,4,29,CCE2,13.42931134375,33.120232208333334
